Nom_Details,Prix,Adresse,Image_Lien,Categorie
Chien,100000,"location_onDiamniadio, Sénégal",https://images.coinafrique.com/thumb_5769939_uploaded_image1_1770828331.jpg,Chiens
Chiots Bichons Maltais,250000,"location_onMbao, Dakar, Sénégal",https://images.coinafrique.com/thumb_5768774_uploaded_image1_1770764918.jpg,Chiens
Chiot berger malinois male,250000,"location_onSicap Liberté, Dakar, Sénégal",https://images.coinafrique.com/thumb_5763030_uploaded_image1_1770431562.jpg,Chiens
Chiot Bouledogues français,Prixsurdemande,"location_onPoint E, Dakar, Sénégal",https://images.coinafrique.com/thumb_5757166_uploaded_image1_1770160169.jpg,Chiens
Chiot Berger Malinois,250000,"location_onSicap Liberté, Dakar, Sénégal",https://images.coinafrique.com/thumb_5755635_uploaded_image1_1770089862.jpg,Chiens
Chiots Berger Allemand,150000,"location_onGuediawaye, Dakar, Sénégal",https://images.coinafrique.com/thumb_5751732_uploaded_image1_1769889114.jpg,Chiens
Chiots Berger Allemand,Prixsurdemande,"location_onAlmadies 2, Dakar, Sénégal",https://images.coinafrique.com/thumb_5735854_uploaded_image1_1769103978.jpg,Chiens
Chiots Samoyède,Prixsurdemande,"location_onAlmadies 2, Dakar, Sénégal",https://images.coinafrique.com/thumb_5735842_uploaded_image1_1769103800.jpg,Chiens
Chiots,325000,"location_onSicap Liberté, Dakar, Sénégal",https://images.coinafrique.com/thumb_5735305_uploaded_image1_1769086998.jpg,Chiens
Chiot Husky femelle + 10kg,350000,"location_onSicap Liberté, Dakar, Sénégal",https://images.coinafrique.com/thumb_5729912_uploaded_image1_1768887074.jpg,Chiens
Berger Allemand,250000,"location_onSicap Liberté, Dakar, Sénégal",https://images.coinafrique.com/thumb_5727097_uploaded_image1_1768728630.jpg,Chiens
Bichon,200000,"location_onSicap Liberté, Dakar, Sénégal",https://images.coinafrique.com/thumb_5727093_uploaded_image1_1768728563.jpg,Chiens
Chiots Berger Allemand,180,"location_onGuediawaye, Sénégal",https://images.coinafrique.com/thumb_5724820_uploaded_image1_1768584135.jpg,Chiens
Chiot Husky femelle,350000,"location_onSicap Liberté, Dakar, Sénégal",https://images.coinafrique.com/thumb_5715193_uploaded_image1_1768132975.jpg,Chiens
Chiot,150000,"location_onDiamniadio, Sénégal",https://images.coinafrique.com/thumb_5713555_uploaded_image1_1768035578.jpg,Chiens
Chiot Bichon Maltais,150000,"location_onSicap Liberté, Dakar, Sénégal",https://images.coinafrique.com/thumb_5713394_uploaded_image1_1768013303.jpg,Chiens
Berger Allemand,450000,"location_onSicap Liberté, Dakar, Sénégal",https://images.coinafrique.com/thumb_5711909_uploaded_image1_1767945597.jpg,Chiens
Chiot Husky,250000,"location_onSicap Liberté, Dakar, Sénégal",https://images.coinafrique.com/thumb_5708534_uploaded_image1_1767798650.jpg,Chiens
Métisse  rock belger,75000,"location_onDakar, Sénégal",https://images.coinafrique.com/thumb_5707420_uploaded_image1_1767744364.jpg,Chiens
Chiots Berger Malinois X,200000,"location_onSicap Liberté, Dakar, Sénégal",https://images.coinafrique.com/thumb_5701157_uploaded_image1_1767442861.jpg,Chiens
Chiots malinois,280000,"location_onRufisque, Sénégal",https://images.coinafrique.com/thumb_5699953_uploaded_image1_1767376903.jpg,Chiens
Berger Allemand,200000,"location_onSicap Liberté, Dakar, Sénégal",https://images.coinafrique.com/thumb_5697068_uploaded_image1_1767154390.jpg,Chiens
Chiot malinois,250,"location_onThies, Sénégal",https://images.coinafrique.com/thumb_5690476_uploaded_image1_1766764470.jpg,Chiens
Chiot Labrador,250000,"location_onGuediawaye, Dakar, Sénégal",https://images.coinafrique.com/thumb_5672239_uploaded_image1_1765736340.jpg,Chiens
Chiots Dogue Argentin,Prixsurdemande,"location_onAlmadies 2, Dakar, Sénégal",https://images.coinafrique.com/thumb_5671568_uploaded_image1_1765675623.jpg,Chiens
Chiots Rottweiler,Prixsurdemande,"location_onAlmadies 2, Dakar, Sénégal",https://images.coinafrique.com/thumb_5671567_uploaded_image1_1765675459.jpg,Chiens
Chiots Husky,Prixsurdemande,"location_onAlmadies 2, Dakar, Sénégal",https://images.coinafrique.com/thumb_5671564_uploaded_image1_1765675272.jpg,Chiens
Chiots Spizt,Prixsurdemande,"location_onAlmadies 2, Dakar, Sénégal",https://images.coinafrique.com/thumb_5671563_uploaded_image1_1765674976.jpg,Chiens
Chiots labradors,300000,"location_onGuediawaye, Dakar, Sénégal",https://images.coinafrique.com/thumb_5667947_uploaded_image1_1765469989.jpg,Chiens
Chiot Husky,350000,"location_onSicap Liberté, Dakar, Sénégal",https://images.coinafrique.com/thumb_5664078_uploaded_image1_1765299555.jpg,Chiens
Berger malinois charbonner,250,"location_onThies, Sénégal",https://images.coinafrique.com/thumb_5649558_uploaded_image1_1764572984.jpg,Chiens
Chiot Bichon Maltais,100000,"location_onAlmadies, Dakar, Sénégal",https://images.coinafrique.com/thumb_5644579_uploaded_image1_1764272051.jpg,Chiens
Chiots Labradors Retriever,300000,"location_onGuediawaye, Dakar, Sénégal",https://images.coinafrique.com/thumb_5640905_uploaded_image1_1764096718.jpg,Chiens
Chiot Malinois,200000,"location_onDakar, Sénégal",https://images.coinafrique.com/thumb_5628892_uploaded_image1_1763507006.jpg,Chiens
Chiot Berger Malinois,150000,"location_onAlmadies 2, Dakar, Sénégal",https://images.coinafrique.com/thumb_5628715_uploaded_image1_1763500388.jpg,Chiens
Chiot Husky,350000,"location_onSicap Liberté, Dakar, Sénégal",https://images.coinafrique.com/thumb_5621149_uploaded_image1_1763076045.jpg,Chiens
Parfum Presa Canario,Prixsurdemande,"location_onThies, Sénégal",https://images.coinafrique.com/thumb_5617572_uploaded_image1_1762928156.jpg,Chiens
Chiot Malinois,125000,"location_onMbao, Dakar, Sénégal",https://images.coinafrique.com/thumb_5616738_uploaded_image1_1762882607.jpg,Chiens
Chiots Border Collie,140000,"location_onAlmadies, Dakar, Sénégal",https://images.coinafrique.com/thumb_5616729_uploaded_image1_1762882207.jpg,Chiens
Berger Belge Malinois,Prixsurdemande,"location_onSicap Liberté, Dakar, Sénégal",https://images.coinafrique.com/thumb_5616008_uploaded_image1_1762860338.jpg,Chiens
Chiot,60000,"location_onDieuppeul-Derklé, Dakar, Sénégal",https://images.coinafrique.com/thumb_5613212_uploaded_image1_1762713775.jpg,Chiens
Chiot Pitbull Tricolor,120000,"location_onThies, Sénégal",https://images.coinafrique.com/thumb_5610458_uploaded_image1_1762521942.jpg,Chiens
Chiot Labrador,400000,"location_onSicap Liberté, Dakar, Sénégal",https://images.coinafrique.com/thumb_5603738_uploaded_image1_1762199868.jpg,Chiens
Chiot Bichon maltais,125000,"location_onMariste, Dakar, Sénégal",https://images.coinafrique.com/thumb_5601862_uploaded_image1_1762106679.jpg,Chiens
Chiot Pitbull,Prixsurdemande,"location_onHann Bel-Air, Dakar, Sénégal",https://images.coinafrique.com/thumb_5599056_uploaded_image1_1761928314.jpg,Chiens
Chiot American,170,"location_onThies, Sénégal",https://images.coinafrique.com/thumb_5579814_uploaded_image1_1760778039.jpg,Chiens
Chiot Berger Allemand,250000,"location_onSacré-Coeur, Dakar, Sénégal",https://images.coinafrique.com/thumb_5575546_uploaded_image1_1760547251.jpg,Chiens
Bichon Maltais frisé,150000,"location_onMermoz-Sacré Coeur, Dakar, Sénégal",https://images.coinafrique.com/thumb_5572179_uploaded_image1_1760379385.jpg,Chiens
Chiot Presa Canario,650000,"location_onThies, Sénégal",https://images.coinafrique.com/thumb_5565180_uploaded_image1_1759957391.jpg,Chiens
Chiot Berger Allemand,300000,"location_onDakar, Sénégal",https://images.coinafrique.com/thumb_5563010_uploaded_image1_1759844917.jpg,Chiens
Chiot Husky Sibérien vacciné,400000,"location_onSicap Liberté, Dakar, Sénégal",https://images.coinafrique.com/thumb_5560240_uploaded_image1_1759709034.jpg,Chiens
Chiots Berger Allemand,130000,"location_onDiamniadio, Sénégal",https://images.coinafrique.com/thumb_5560003_uploaded_image1_1759693627.jpg,Chiens
Chiot Labrador,450000,"location_onSicap Liberté, Dakar, Sénégal",https://images.coinafrique.com/thumb_5550994_uploaded_image1_1759258475.jpg,Chiens
Chiot Golden Retriever,Prixsurdemande,"location_onAlmadies 2, Dakar, Sénégal",https://images.coinafrique.com/thumb_5540468_uploaded_image1_1758664107.jpg,Chiens
Croquettes pour chiens,28000,"location_onOuakam, Dakar, Sénégal",https://images.coinafrique.com/thumb_5537867_uploaded_image1_1758544788.jpg,Chiens
Chiot Bichon nain,200000,"location_onSicap Liberté, Dakar, Sénégal",https://images.coinafrique.com/thumb_5530652_uploaded_image1_1758128841.jpg,Chiens
Husky pur sang femelle,250000,"location_onOuakam, Dakar, Sénégal",https://images.coinafrique.com/thumb_5528570_uploaded_image1_1758035685.jpg,Chiens
Chiot pitbull,Prixsurdemande,"location_onThies, Sénégal",https://images.coinafrique.com/thumb_5528346_uploaded_image1_1758029532.jpg,Chiens
Chiot pitbull,100000,"location_onThies, Sénégal",https://images.coinafrique.com/thumb_5528337_uploaded_image1_1758029337.jpg,Chiens
Chiot Boerboel,375000,"location_onSicap Liberté, Dakar, Sénégal",https://images.coinafrique.com/thumb_5524708_uploaded_image1_1757840142.jpg,Chiens
Chiot  Husky,350000,"location_onSacré-Coeur, Dakar, Sénégal",https://images.coinafrique.com/thumb_5524610_uploaded_image1_1757831632.jpg,Chiens
Chiot Rottweiler,250000,"location_onPikine, Sénégal",https://images.coinafrique.com/thumb_5524392_uploaded_image1_1757805590.jpg,Chiens
Chiot Bichon,200000,"location_onSacré-Coeur, Dakar, Sénégal",https://images.coinafrique.com/thumb_5521237_uploaded_image1_1757636811.jpg,Chiens
Chiot,100000,"location_onThies, Sénégal",https://images.coinafrique.com/thumb_5516813_uploaded_image1_1757429045.jpg,Chiens
Chiot Pitbull,150,"location_onThies, Sénégal",https://images.coinafrique.com/thumb_5512296_uploaded_image1_1757182867.jpg,Chiens
Chiot Berger allemand,350000,"location_onSacré-Coeur, Dakar, Sénégal",https://images.coinafrique.com/thumb_5507784_uploaded_image1_1756958536.jpg,Chiens
Chiot Malinois,250,"location_onPikine, Sénégal",https://images.coinafrique.com/thumb_5506845_uploaded_image1_1756907976.jpg,Chiens
Chiots Bichons Havanais,130000,"location_onOuakam, Dakar, Sénégal",https://images.coinafrique.com/thumb_5498808_uploaded_image1_1756485463.jpg,Chiens
Chiots Berger Allemand,200000,"location_onAlmadies 2, Dakar, Sénégal",https://images.coinafrique.com/thumb_5492262_uploaded_image1_1756135491.jpg,Chiens
Chiots Berger Allemand,Prixsurdemande,"location_onThies, Sénégal",https://images.coinafrique.com/thumb_5491012_uploaded_image1_1756047419.jpg,Chiens
Chiot Berger allemand grand gabarit,350000,"location_onSacré-Coeur, Dakar, Sénégal",https://images.coinafrique.com/thumb_5490358_uploaded_image1_1755989245.jpg,Chiens
Chiots Labradors,300000,"location_onGuediawaye, Dakar, Sénégal",https://images.coinafrique.com/thumb_5489586_uploaded_image1_1755947226.jpg,Chiens
Chiots Labradors,300000,"location_onGuediawaye, Dakar, Sénégal",https://images.coinafrique.com/thumb_5489540_uploaded_image1_1755946028.jpg,Chiens
Chien  bichons,450000,"location_onDakar Plateau, Dakar, Sénégal",https://images.coinafrique.com/thumb_5489184_uploaded_image1_1755926050.jpg,Chiens
Chiots Berger Allemand,350000,"location_onSacré-Coeur, Dakar, Sénégal",https://images.coinafrique.com/thumb_5487110_uploaded_image1_1755815195.jpg,Chiens
Chiot Rottweiler,400000,"location_onPikine, Sénégal",https://images.coinafrique.com/thumb_5486097_uploaded_image1_1755778960.jpg,Chiens
Bichon noir,130000,"location_onDakar, Sénégal",https://images.coinafrique.com/thumb_5482763_uploaded_image1_1755623884.jpg,Chiens
Chiot Rottweiler,300000,"location_onPikine, Sénégal",https://images.coinafrique.com/thumb_5480457_uploaded_image1_1755508783.jpg,Chiens
Chiot Bichon,200000,"location_onSacré-Coeur, Dakar, Sénégal",https://images.coinafrique.com/thumb_5474603_uploaded_image2_1755135509.jpeg,Chiens
bichons mâle,150000,"location_onDakar, Sénégal",https://images.coinafrique.com/thumb_5431028_uploaded_image1_1752941357.jpg,Chiens
Chiot Malinois,250000,"location_onSipres, Dakar, Sénégal",https://images.coinafrique.com/thumb_5468013_uploaded_image1_1754773485.jpg,Chiens
Chiot Berger allemand,250000,"location_onSacré-Coeur, Dakar, Sénégal",https://images.coinafrique.com/thumb_5467125_uploaded_image1_1754733559.jpg,Chiens
Chiots Berger Allemand,150000,"location_onSaint Louis, Sénégal",https://images.coinafrique.com/thumb_5466408_uploaded_image1_1754682101.jpg,Chiens
Chat siamois,100000,"location_onAlmadies, Dakar, Sénégal",https://images.coinafrique.com/thumb_5465444_uploaded_image1_1754649176.jpg,Chiens
Chiot Hamster syrien,5000,"location_onAlmadies, Dakar, Sénégal",https://images.coinafrique.com/thumb_5465432_uploaded_image1_1754648750.jpg,Chiens
Chiots Spizt,Prixsurdemande,"location_onAlmadies 2, Dakar, Sénégal",https://images.coinafrique.com/thumb_5464950_uploaded_image1_1754612259.jpg,Chiens
Chiots Berger,150000,"location_onThies, Sénégal",https://images.coinafrique.com/thumb_5463591_uploaded_image1_1754561119.jpg,Chiens
Chiots Berger allemend,150000,"location_onThies, Sénégal",https://images.coinafrique.com/thumb_5463584_uploaded_image1_1754560979.jpg,Chiens
Chiots Berger allemend,150000,"location_onThies, Sénégal",https://images.coinafrique.com/thumb_5463567_uploaded_image1_1754560541.jpg,Chiens
Chiot Malinois,300000,"location_onMbao, Dakar, Sénégal",https://images.coinafrique.com/thumb_5462776_uploaded_image1_1754507012.jpg,Chiens
Chiot Husky,350000,"location_onPikine, Sénégal",https://images.coinafrique.com/thumb_5456601_uploaded_image1_1754217248.jpg,Chiens
Chiots malinois de parents importés de bordeaux france,250000,"location_onThies, Sénégal",https://images.coinafrique.com/thumb_5455656_uploaded_image1_1754152274.jpg,Chiens
Chiot Rottweiler,290000,"location_onPikine, Sénégal",https://images.coinafrique.com/thumb_5453153_uploaded_image1_1754039656.jpg,Chiens
Chiot Berger Allemand,120000,"location_onLac rose, Sénégal",https://images.coinafrique.com/thumb_5443216_uploaded_image1_1753548558.jpg,Chiens
Chiot Berger allemand,150000,"location_onPikine, Sénégal",https://images.coinafrique.com/thumb_5439144_uploaded_image1_1753362359.jpg,Chiens
Chiot Bichon maltes,180000,"location_onHLM, Dakar, Sénégal",https://images.coinafrique.com/thumb_5435956_uploaded_image1_1753216215.jpg,Chiens
Chiots Berger allemand,180000,"location_onKeur Massar, Sénégal",https://images.coinafrique.com/thumb_5429666_uploaded_image1_1752845223.jpg,Chiens
Chiot Berger Allemand,150000,"location_onHLM, Dakar, Sénégal",https://images.coinafrique.com/thumb_5387119_uploaded_image2_1750623407.jpeg,Chiens
Bichon maltaise,150000,"location_onHLM, Dakar, Sénégal",https://images.coinafrique.com/thumb_5386842_uploaded_image1_1750611237.jpg,Chiens
Chien Boerboell,650000,"location_onHLM, Dakar, Sénégal",https://images.coinafrique.com/thumb_5386827_uploaded_image1_1750610656.jpg,Chiens
Chiot Berger allemand,170,"location_onPikine, Sénégal",https://images.coinafrique.com/thumb_5425744_uploaded_image1_1752657035.jpg,Chiens
Chiots Cane Corso,400000,"location_onSicap Liberté, Dakar, Sénégal",https://images.coinafrique.com/thumb_5400421_uploaded_image1_1751373309.jpg,Chiens
Chiot Husky,300000,"location_onOuakam, Dakar, Sénégal",https://images.coinafrique.com/thumb_5397542_uploaded_image1_1751222051.jpg,Chiens
Chiot Husky,Prixsurdemande,"location_onPikine, Sénégal",https://images.coinafrique.com/thumb_5397530_uploaded_image1_1751220841.jpg,Chiens
Berger Malinois Métis,200000,"location_onSacré-Coeur, Dakar, Sénégal",https://images.coinafrique.com/thumb_5389289_uploaded_image1_1750742046.jpg,Chiens
Chiot Husky male,350000,"location_onSacré-Coeur, Dakar, Sénégal",https://images.coinafrique.com/thumb_5385417_uploaded_image1_1750511517.jpg,Chiens
Chiot Berger malinois,300000,"location_onRufisque, Sénégal",https://images.coinafrique.com/thumb_5384862_uploaded_image1_1750465161.jpg,Chiens
Chiots Bichons Maltais,150000,"location_onSicap Liberté, Dakar, Sénégal",https://images.coinafrique.com/thumb_5383547_uploaded_image1_1750415126.jpg,Chiens
Chiot Berger Allemand,Prixsurdemande,"location_onDakar, Sénégal",https://images.coinafrique.com/thumb_5379393_uploaded_image1_1750190380.jpg,Chiens
Chiot Berger Allemand,160000,"location_onDakar, Sénégal",https://images.coinafrique.com/thumb_5379204_uploaded_image1_1750179653.jpg,Chiens
Chiots Bichons maltais,150000,"location_onDakar, Sénégal",https://images.coinafrique.com/thumb_5377145_uploaded_image1_1750084686.jpg,Chiens
Chiot Berger allemand,150000,"location_onPikine, Sénégal",https://images.coinafrique.com/thumb_5376933_uploaded_image1_1750077698.jpg,Chiens
Chiots malamute pure,Prixsurdemande,"location_onAlmadies 2, Dakar, Sénégal",https://images.coinafrique.com/thumb_5368072_uploaded_image1_1749564175.jpg,Chiens
Métisse rock berger,75000,"location_onMamelles, Dakar, Sénégal",https://images.coinafrique.com/thumb_5360685_uploaded_image1_1749060096.06.jpeg,Chiens
Husky et Rotweiller,300000,"location_onSacré-Coeur, Dakar, Sénégal",https://images.coinafrique.com/thumb_5357616_uploaded_image1_1748916757.jpg,Chiens
Chiots bichon,200000,"location_onMamelles, Dakar, Sénégal",https://images.coinafrique.com/thumb_5357093_uploaded_image1_1748892640.jpg,Chiens
Chiots Bouvier Bernois,Prixsurdemande,"location_onAlmadies 2, Dakar, Sénégal",https://images.coinafrique.com/thumb_5356412_uploaded_image1_1748869590.jpg,Chiens
Chiot Américain,200,"location_onThies, Sénégal",https://images.coinafrique.com/thumb_5353266_uploaded_image1_1748682865.jpg,Chiens
Chiots Berger Allemand,175000,"location_onMbao, Dakar, Sénégal",https://images.coinafrique.com/thumb_5352744_uploaded_image2_1748635949.jpeg,Chiens
Chiots Husky,300000,"location_onOuest Foire, Dakar, Sénégal",https://images.coinafrique.com/thumb_5341514_uploaded_image1_1747985445.jpg,Chiens
Chien,130000,"location_onAlmadies, Dakar, Sénégal",https://images.coinafrique.com/thumb_5341402_uploaded_image1_1747971696.jpg,Chiens
Chiots Malinois,Prixsurdemande,"location_onDakar, Sénégal",https://images.coinafrique.com/thumb_5341165_uploaded_image1_1747948139.jpg,Chiens
Berger Allemand,150000,"location_onPikine, Sénégal",https://images.coinafrique.com/thumb_5340528_uploaded_image1_1747919294.jpg,Chiens
Chiot Boerboul,275,"location_onPikine, Sénégal",https://images.coinafrique.com/thumb_5338244_uploaded_image1_1747822800.jpg,Chiens
Chiot Berger Allemand,250000,"location_onFann, Dakar, Sénégal",https://images.coinafrique.com/thumb_5336125_uploaded_image1_1747687556.jpg,Chiens
Chiot Pitbull Terrier,250000,"location_onThies, Sénégal",https://images.coinafrique.com/thumb_5335882_uploaded_image1_1747679076.jpg,Chiens
Chien de salon,150000,"location_onAlmadies, Dakar, Sénégal",https://images.coinafrique.com/thumb_5332506_uploaded_image1_1747475557.jpg,Chiens
Chiot Husky,300000,"location_onSacré-Coeur, Dakar, Sénégal",https://images.coinafrique.com/thumb_5328800_uploaded_image1_1747289408.jpg,Chiens
Chiot Bichon Havanais,150000,"location_onOuakam, Dakar, Sénégal",https://images.coinafrique.com/thumb_5326499_uploaded_image1_1747172729.jpg,Chiens
Chiot Spitz Nain,800000,"location_onThies, Sénégal",https://images.coinafrique.com/thumb_5326291_uploaded_image1_1747165396.jpg,Chiens
Chiot Bichon Maltais,115000,"location_onDieuppeul-Derklé, Dakar, Sénégal",https://images.coinafrique.com/thumb_5326102_uploaded_image1_1747153443.jpg,Chiens
Chiot Rottweiller,Prixsurdemande,"location_onAlmadies 2, Dakar, Sénégal",https://images.coinafrique.com/thumb_5323434_uploaded_image1_1747041206.jpg,Chiens
Chiot Husky,Prixsurdemande,"location_onSacré-Coeur, Dakar, Sénégal",https://images.coinafrique.com/thumb_5322117_uploaded_image1_1746933372.jpg,Chiens
Chiot Bichon,Prixsurdemande,"location_onAlmadies 2, Dakar, Sénégal",https://images.coinafrique.com/thumb_5321857_uploaded_image1_1746909799.jpg,Chiens
Chiot Berger Allemand,150000,"location_onThies, Sénégal",https://images.coinafrique.com/thumb_5321695_uploaded_image1_1746899509.jpg,Chiens
Chiot Rotweiller,350000,"location_onSacré-Coeur, Dakar, Sénégal",https://images.coinafrique.com/thumb_5321351_uploaded_image1_1746881645.jpg,Chiens
Chiot Cavalier king,Prixsurdemande,"location_onAlmadies 2, Dakar, Sénégal",https://images.coinafrique.com/thumb_5319622_uploaded_image1_1746790053.jpg,Chiens
Chiot Berger allemand,200000,"location_onSacré-Coeur, Dakar, Sénégal",https://images.coinafrique.com/thumb_5317080_uploaded_image1_1746680060.jpg,Chiens
Chiots Labradors,120000,"location_onThies, Sénégal",https://images.coinafrique.com/thumb_5316749_uploaded_image1_1746650873.jpg,Chiens
Vente Berger Femelle,400,"location_onGuediawaye, Dakar, Sénégal",https://images.coinafrique.com/thumb_5305053_uploaded_image1_1746020493.jpg,Chiens
Chiot Pitbull Terrier,Prixsurdemande,"location_onMbour, Sénégal",https://images.coinafrique.com/thumb_5303725_uploaded_image1_1745943692.jpg,Chiens
Chiot,380000,"location_onAlmadies, Dakar, Sénégal",https://images.coinafrique.com/thumb_5302773_uploaded_image1_1745911831.jpg,Chiens
Chiot femelle cane corso,350000,"location_onSacré-Coeur, Dakar, Sénégal",https://images.coinafrique.com/thumb_5299584_uploaded_image1_1745674318.jpg,Chiens
Chiot Berger Allemand,200000,"location_onSacré-Coeur, Dakar, Sénégal",https://images.coinafrique.com/thumb_5298958_uploaded_image1_1745627639.jpg,Chiens
Chiot Berger Allemand,Prixsurdemande,"location_onSacré-Coeur, Dakar, Sénégal",https://images.coinafrique.com/thumb_5293825_uploaded_image1_1745394897.jpg,Chiens
Chiot Berger allemand,250000,"location_onMbour, Sénégal",https://images.coinafrique.com/thumb_5290700_uploaded_image1_1745194550.jpg,Chiens
Chiens malinois,Prixsurdemande,"location_onThies, Sénégal",https://images.coinafrique.com/thumb_5277780_uploaded_image1_1744399979.jpg,Chiens
Chiot Bichon Havanais,150000,"location_onOuakam, Dakar, Sénégal",https://images.coinafrique.com/thumb_5272964_uploaded_image2_1744165161.jpeg,Chiens
Chiot Berger Allemand,150000,"location_onSacré-Coeur, Dakar, Sénégal",https://images.coinafrique.com/thumb_5268192_uploaded_image1_1743934250.jpg,Chiens
Chiot Husky femelle,Prixsurdemande,"location_onSacré-Coeur, Dakar, Sénégal",https://images.coinafrique.com/thumb_5259188_uploaded_image1_1743466264.jpg,Chiens
Chiots Dalmatiens,Prixsurdemande,"location_onMbao, Dakar, Sénégal",https://images.coinafrique.com/thumb_5256321_uploaded_image1_1743258183.jpg,Chiens
Chiots Pitbull,150000,"location_onMbao, Dakar, Sénégal",https://images.coinafrique.com/thumb_5253443_uploaded_image1_1743081531.jpg,Chiens
Chiots Husky,200000,"location_onMbao, Dakar, Sénégal",https://images.coinafrique.com/thumb_5253441_uploaded_image1_1743081336.jpg,Chiens
Chiens malinois,Prixsurdemande,"location_onThies, Sénégal",https://images.coinafrique.com/thumb_5251605_uploaded_image1_1742991471.jpg,Chiens
Chiots,Prixsurdemande,"location_onThies, Sénégal",https://images.coinafrique.com/thumb_5249300_uploaded_image1_1742862357.jpg,Chiens
Chiot,Prixsurdemande,"location_onThies, Sénégal",https://images.coinafrique.com/thumb_5249290_uploaded_image1_1742861930.jpg,Chiens
Chiots  Cane Corso,400000,"location_onSicap foire, Dakar, Sénégal",https://images.coinafrique.com/thumb_5243684_uploaded_image1_1742560976.jpg,Chiens
Chiots Berger Allemand,300000,"location_onMbour, Sénégal",https://images.coinafrique.com/thumb_5228717_uploaded_image1_1741792512.jpg,Chiens
Chiots,150000,"location_onPikine, Sénégal",https://images.coinafrique.com/thumb_5222994_uploaded_image1_1741542631.jpg,Chiens
Chiot Boerbull,Prixsurdemande,"location_onDakar, Sénégal",https://images.coinafrique.com/thumb_5222921_uploaded_image1_1741538962.jpg,Chiens
Chiot Boerbull,Prixsurdemande,"location_onDakar, Sénégal",https://images.coinafrique.com/thumb_5222912_uploaded_image1_1741538659.jpg,Chiens
Chiot Berger Allemand,150000,"location_onPikine, Sénégal",https://images.coinafrique.com/thumb_5222675_uploaded_image1_1741529199.jpg,Chiens
Chiot Bichon Maltais,175000,"location_onOuakam, Dakar, Sénégal",https://images.coinafrique.com/thumb_5221815_uploaded_image2_1741461038.jpeg,Chiens
Chiot Malinois,250000,"location_onThies, Sénégal",https://images.coinafrique.com/thumb_5213981_uploaded_image1_1741092394.jpg,Chiens
Chiot Rott,300000,"location_onThies, Sénégal",https://images.coinafrique.com/thumb_5213979_uploaded_image1_1741092307.jpg,Chiens
Chiot Bichons Havanais,130000,"location_onOuakam, Dakar, Sénégal",https://images.coinafrique.com/thumb_5199916_uploaded_image1_1740355901.jpg,Chiens
Chiot Berger Allemand,400000,"location_onMbao, Dakar, Sénégal",https://images.coinafrique.com/thumb_5199105_uploaded_image1_1740305314.jpg,Chiens
Chiot Rott,200000,"location_onDiamniadio, Sénégal",https://images.coinafrique.com/thumb_5192129_uploaded_image1_1739908831.jpg,Chiens
Femelle ladoum,200000,"location_onMbour, Sénégal",https://images.coinafrique.com/thumb_5734956_uploaded_image1_1769076665.jpg,Moutons
Femelle Ladoum,300000,"location_onGrand Dakar, Dakar, Sénégal",https://images.coinafrique.com/thumb_5731575_uploaded_image1_1768953327.jpg,Moutons
Femelle métisse ladoum,150000,"location_onMermoz-Sacré Coeur, Dakar, Sénégal",https://images.coinafrique.com/thumb_5716188_uploaded_image1_1768206489.jpg,Moutons
Femelle Ladoum,400,"location_onRufisque, Sénégal",https://images.coinafrique.com/thumb_5714511_uploaded_image1_1768075037.jpg,Moutons
Mouton,95000,"location_onDakar, Sénégal",https://images.coinafrique.com/thumb_5713625_uploaded_image1_1768039387.jpg,Moutons
Ladoum,Prixsurdemande,"location_onKeur Massar, Sénégal",https://images.coinafrique.com/thumb_5704358_uploaded_image1_1767624865.jpg,Moutons
Fauteuil pliable,50000,"location_onParcelle Assainies, Dakar, Sénégal",https://images.coinafrique.com/thumb_5641122_uploaded_image2_1764104086.jpeg,Moutons
Mouton,125000,"location_onGuediawaye, Dakar, Sénégal",https://images.coinafrique.com/thumb_5630109_uploaded_image1_1763563794.jpg,Moutons
Mouton Ladoum,800000,"location_onGuediawaye, Dakar, Sénégal",https://images.coinafrique.com/thumb_5630102_uploaded_image1_1763563551.jpg,Moutons
Mouton Ladoum,1000000,"location_onGuediawaye, Dakar, Sénégal",https://images.coinafrique.com/thumb_5594186_uploaded_image1_1761667729.jpg,Moutons
Mouton ladoum,1000000,"location_onGuediawaye, Dakar, Sénégal",https://images.coinafrique.com/thumb_5590609_uploaded_image1_1761399893.jpg,Moutons
Mouton Ladoum,1000000,"location_onGuediawaye, Dakar, Sénégal",https://images.coinafrique.com/thumb_5571703_uploaded_image1_1760360461.jpg,Moutons
Mâles ladoum,300000,"location_onMbao, Dakar, Sénégal",https://images.coinafrique.com/thumb_5570235_uploaded_image1_1760269024.jpg,Moutons
Mouton,200000,"location_onPikine, Sénégal",https://images.coinafrique.com/thumb_5561288_uploaded_image1_1759765735.jpg,Moutons
Mouton,200000,"location_onGuediawaye, Dakar, Sénégal",https://images.coinafrique.com/thumb_5543556_uploaded_image1_1758817920.jpg,Moutons
Mouton,550,"location_onRufisque, Sénégal",https://images.coinafrique.com/thumb_5521645_uploaded_image1_1757668518.jpg,Moutons
Mouton Ladoum,800000,"location_onThies, Sénégal",https://images.coinafrique.com/thumb_5513111_uploaded_image1_1757248013.jpg,Moutons
Mouton Ladoum,800000,"location_onMalikounda, Sénégal",https://images.coinafrique.com/thumb_5454220_uploaded_image1_1754077895.jpg,Moutons
Mouton  ladoum,550,"location_onRufisque, Sénégal",https://images.coinafrique.com/thumb_5430741_uploaded_image1_1752926224.jpg,Moutons
Mouton  ladoum,100000,"location_onOuakam, Dakar, Sénégal",https://images.coinafrique.com/thumb_5416626_uploaded_image1_1752150844.jpg,Moutons
Mouton,550000,"location_onRufisque, Sénégal",https://images.coinafrique.com/thumb_5401936_uploaded_image1_1751443255.jpg,Moutons
Ladoum Azowate,125000,"location_onOuakam, Dakar, Sénégal",https://images.coinafrique.com/thumb_5390051_uploaded_image1_1750779449.jpg,Moutons
Mouton Ladoum,450000,"location_onRufisque, Sénégal",https://images.coinafrique.com/thumb_5362962_uploaded_image1_1749209010.jpg,Moutons
Mouton,130000,"location_onKeur Massar, Sénégal",https://images.coinafrique.com/thumb_5362037_uploaded_image1_1749137690.jpg,Moutons
Mouton Ladoum,500,"location_onThies, Sénégal",https://images.coinafrique.com/thumb_5355058_uploaded_image1_1748800702.jpg,Moutons
Mouton de tabaski,200000,"location_onOuakam, Dakar, Sénégal",https://images.coinafrique.com/thumb_5351264_uploaded_image1_1748542637.jpg,Moutons
Mouton,225000,"location_onGuediawaye, Dakar, Sénégal",https://images.coinafrique.com/thumb_5349513_uploaded_image1_1748440101.jpg,Moutons
Moutons,195000,"location_onGrand Yoff, Dakar, Sénégal",https://images.coinafrique.com/thumb_5349203_uploaded_image1_1748427888.jpg,Moutons
Mouton,180000,"location_onKeur Massar, Sénégal",https://images.coinafrique.com/thumb_5347115_uploaded_image1_1748302103.jpg,Moutons
Mouton,250000,"location_onOuakam, Dakar, Sénégal",https://images.coinafrique.com/thumb_5344905_uploaded_image1_1748196909.jpg,Moutons
Mouton ladoum,600000,"location_onDakar Plateau, Dakar, Sénégal",https://images.coinafrique.com/thumb_5344681_uploaded_image1_1748183751.jpg,Moutons
Mouton de tabaski,100000,"location_onKeur Massar, Sénégal",https://images.coinafrique.com/thumb_5344147_uploaded_image1_1748126098.jpg,Moutons
Moutons,225000,"location_onOuakam, Dakar, Sénégal",https://images.coinafrique.com/thumb_5342599_uploaded_image1_1748032725.jpg,Moutons
Mouton,600,"location_onOuakam, Dakar, Sénégal",https://images.coinafrique.com/thumb_5342588_uploaded_image1_1748032353.jpg,Moutons
Mouton,350000,"location_onParcelle Assainies, Dakar, Sénégal",https://images.coinafrique.com/thumb_5337516_uploaded_image1_1747772137.jpg,Moutons
Mouton,275000,"location_onMbao, Dakar, Sénégal",https://images.coinafrique.com/thumb_5334872_uploaded_image1_1747644353.jpg,Moutons
Mouton,190000,"location_onMbao, Dakar, Sénégal",https://images.coinafrique.com/thumb_5334867_uploaded_image1_1747644110.jpg,Moutons
Mouton Ladoum,800000,"location_onMedina, Dakar, Sénégal",https://images.coinafrique.com/thumb_5334036_uploaded_image1_1747578346.jpg,Moutons
Mouton de race,350000,"location_onGuediawaye, Dakar, Sénégal",https://images.coinafrique.com/thumb_5333365_uploaded_image1_1747518081.jpg,Moutons
Mouton de race,350000,"location_onGuediawaye, Dakar, Sénégal",https://images.coinafrique.com/thumb_5333364_uploaded_image1_1747517896.jpg,Moutons
Mouton,165000,"location_onMariste, Dakar, Sénégal",https://images.coinafrique.com/thumb_5331651_uploaded_image1_1747411805.jpg,Moutons
Mouton Ladoum,850000,"location_onMedina, Dakar, Sénégal",https://images.coinafrique.com/thumb_5328631_uploaded_image1_1747268349.jpg,Moutons
Mouton Ladoum,550000,"location_onKeur Massar, Sénégal",https://images.coinafrique.com/thumb_5321660_uploaded_image1_1746897337.jpg,Moutons
Mouton de tabaski,325000,"location_onGuediawaye, Dakar, Sénégal",https://images.coinafrique.com/thumb_5316393_uploaded_image1_1746633254.jpg,Moutons
Mouton de tabaski,325000,"location_onGuediawaye, Dakar, Sénégal",https://images.coinafrique.com/thumb_5316327_uploaded_image1_1746631366.jpg,Moutons
Mouton de tabaski,350000,"location_onGuediawaye, Dakar, Sénégal",https://images.coinafrique.com/thumb_5316323_uploaded_image1_1746631293.jpg,Moutons
Mouton Ladoum,Prixsurdemande,"location_onGuediawaye, Dakar, Sénégal",https://images.coinafrique.com/thumb_5311454_uploaded_image1_1746381105.jpg,Moutons
Mouton Ladoum,600000,"location_onGuediawaye, Dakar, Sénégal",https://images.coinafrique.com/thumb_5311435_uploaded_image1_1746380521.jpg,Moutons
Mouton,375000,"location_onGuediawaye, Dakar, Sénégal",https://images.coinafrique.com/thumb_5302025_uploaded_image1_1745854211.jpg,Moutons
Mouton,375000,"location_onGuediawaye, Dakar, Sénégal",https://images.coinafrique.com/thumb_5302020_uploaded_image1_1745854071.jpg,Moutons
Mouton Toubaberr,105000,"location_onGuediawaye, Dakar, Sénégal",https://images.coinafrique.com/thumb_5271542_uploaded_image1_1744106341.jpg,Moutons
Mouton de tabaski,400,"location_onGuediawaye, Dakar, Sénégal",https://images.coinafrique.com/thumb_5289057_uploaded_image1_1745062997.jpg,Moutons
Mouton de tabaski,350,"location_onGuediawaye, Dakar, Sénégal",https://images.coinafrique.com/thumb_5289055_uploaded_image1_1745062842.jpg,Moutons
Mouton,80000,"location_onDieuppeul-Derklé, Dakar, Sénégal",https://images.coinafrique.com/thumb_5288288_uploaded_image1_1744995144.jpg,Moutons
Mouton,150000,"location_onDieuppeul-Derklé, Dakar, Sénégal",https://images.coinafrique.com/thumb_5288284_uploaded_image1_1744994723.jpg,Moutons
Mouton,350000,"location_onBambey, Sénégal",https://images.coinafrique.com/thumb_5242287_uploaded_image2_1742488655.jpeg,Moutons
Mouton,350000,"location_onGuediawaye, Dakar, Sénégal",https://images.coinafrique.com/thumb_5234191_uploaded_image1_1742083080.jpg,Moutons
Mouton de race,350000,"location_onGuediawaye, Dakar, Sénégal",https://images.coinafrique.com/thumb_5228921_uploaded_image1_1741801692.jpg,Moutons
Mouton,350000,"location_onGuediawaye, Dakar, Sénégal",https://images.coinafrique.com/thumb_5228913_uploaded_image1_1741801582.jpg,Moutons
Mouton,300000,"location_onKeur Massar, Sénégal",https://images.coinafrique.com/thumb_5200965_uploaded_image1_1740410729.jpg,Moutons
Mouton,350000,"location_onGuediawaye, Dakar, Sénégal",https://images.coinafrique.com/thumb_5196558_uploaded_image1_1740141766.jpg,Moutons
Mouton,325000,"location_onGuediawaye, Dakar, Sénégal",https://images.coinafrique.com/thumb_5196554_uploaded_image1_1740141524.jpg,Moutons
Mouton Ladoum,300000,"location_onDiourbel, Sénégal",https://images.coinafrique.com/thumb_5187810_uploaded_image1_1739676570.jpg,Moutons
Mouton Ladoum,300000,"location_onDiourbel, Sénégal",https://images.coinafrique.com/thumb_5187800_uploaded_image1_1739674108.jpg,Moutons
Mouton Ladoum,300000,"location_onDiourbel, Sénégal",https://images.coinafrique.com/thumb_5187761_uploaded_image1_1739669832.jpg,Moutons
Mouton Ladoum,300000,"location_onDiourbel, Sénégal",https://images.coinafrique.com/thumb_5187749_uploaded_image1_1739669547.jpg,Moutons
Ladoum,750000,"location_onGuediawaye, Dakar, Sénégal",https://images.coinafrique.com/thumb_5179072_uploaded_image1_1739195002.jpg,Moutons
Bélier,225000,"location_onGuediawaye, Dakar, Sénégal",https://images.coinafrique.com/thumb_5179070_uploaded_image1_1739194872.jpg,Moutons
Mouton,200000,"location_onBiscuiterie, Dakar, Sénégal",https://images.coinafrique.com/thumb_5164450_uploaded_image1_1738427830.jpg,Moutons
Mouton,180000,"location_onGuediawaye, Dakar, Sénégal",https://images.coinafrique.com/thumb_5159269_uploaded_image1_1738163617.jpg,Moutons
Mouton Ladoum,375000,"location_onParcelle Assainies, Dakar, Sénégal",https://images.coinafrique.com/thumb_5144166_uploaded_image1_1737393386.jpg,Moutons
Mouton Ladoum,1000000,"location_onGuediawaye, Dakar, Sénégal",https://images.coinafrique.com/thumb_5114763_uploaded_image1_1735745896.jpg,Moutons
Mouton,180000,"location_onGuediawaye, Dakar, Sénégal",https://images.coinafrique.com/thumb_5114762_uploaded_image1_1735745550.jpg,Moutons
Mouton,140000,"location_onGuediawaye, Dakar, Sénégal",https://images.coinafrique.com/thumb_5090703_uploaded_image1_1734111129.jpg,Moutons
Mouton Ladoum,500000,"location_onRufisque, Sénégal",https://images.coinafrique.com/thumb_5026510_uploaded_image1_1730734414.jpg,Moutons
Mouton Ladoum,1000000,"location_onRufisque, Sénégal",https://images.coinafrique.com/thumb_5026478_uploaded_image1_1730733079.jpg,Moutons
Mouton,150000,"location_onNiaga, Sénégal",https://images.coinafrique.com/thumb_4995716_uploaded_image1_1729028654.jpg,Moutons
Mouton Ladoum,350000,"location_onMbao, Dakar, Sénégal",https://images.coinafrique.com/thumb_4969224_uploaded_image1_1727728741.jpg,Moutons
Mouton Ladoum,350000,"location_onMbao, Dakar, Sénégal",https://images.coinafrique.com/thumb_4969221_uploaded_image1_1727728659.jpg,Moutons
Mouton Ladoum,650000,"location_onMbao, Dakar, Sénégal",https://images.coinafrique.com/thumb_4969219_uploaded_image1_1727728556.jpg,Moutons
Femelle Ladoume,200000,"location_onSicap Liberté, Dakar, Sénégal",https://images.coinafrique.com/thumb_4961186_uploaded_image1_1727261381.jpg,Moutons
Landoum pur,1200000,"location_onDakar, Sénégal",https://images.coinafrique.com/thumb_4948067_uploaded_image1_1726569636.jpg,Moutons
Mouton Ladoum,800000,"location_onDieuppeul-Derklé, Dakar, Sénégal",https://images.coinafrique.com/thumb_4931367_uploaded_image1_1725633697.jpg,Moutons
Mouton Ladoum,350000,"location_onMbour, Sénégal",https://images.coinafrique.com/thumb_4905476_uploaded_image1_1724281103.jpg,Moutons
Ladoum Mix,250000,"location_onOuakam, Dakar, Sénégal",https://images.coinafrique.com/thumb_4885680_uploaded_image1_1723205050.jpg,Moutons
Mouton,75000,"location_onYoff, Dakar, Sénégal",https://images.coinafrique.com/thumb_4879970_uploaded_image1_1722945913.jpg,Moutons
Mouton,Prixsurdemande,"location_onNiaga, Sénégal",https://images.coinafrique.com/thumb_4853595_uploaded_image1_1721562658.jpg,Moutons
Femelle ladoum noir et blanc,400000,"location_onMbao, Dakar, Sénégal",https://images.coinafrique.com/thumb_4852565_uploaded_image1_1721485586.jpg,Moutons
Femelle Ladoum,400000,"location_onMbao, Dakar, Sénégal",https://images.coinafrique.com/thumb_4848659_uploaded_image1_1721291754.jpg,Moutons
Mouton Ladoum,Prixsurdemande,"location_onSicap Liberté, Dakar, Sénégal",https://images.coinafrique.com/thumb_4840583_uploaded_image1_1720818332.jpg,Moutons
Mouton,160000,"location_onMbao, Dakar, Sénégal",https://images.coinafrique.com/thumb_4789073_uploaded_image1_1718035599.jpg,Moutons
Mouton,225000,"location_onMbao, Dakar, Sénégal",https://images.coinafrique.com/thumb_4794716_uploaded_image1_1718315507.jpg,Moutons
Mouton tabaski,250000,"location_onMbao, Dakar, Sénégal",https://images.coinafrique.com/thumb_4786370_uploaded_image1_1717857322.jpg,Moutons
Mouton,225000,"location_onMbao, Dakar, Sénégal",https://images.coinafrique.com/thumb_4794035_uploaded_image1_1718284983.jpg,Moutons
Mouton Tabaski,250000,"location_onMbao, Dakar, Sénégal",https://images.coinafrique.com/thumb_4785437_uploaded_image1_1717797271.jpg,Moutons
Mouton,170000,"location_onMbao, Dakar, Sénégal",https://images.coinafrique.com/thumb_4785428_uploaded_image1_1717796909.jpg,Moutons
Mouton tabaski Azawat,265000,"location_onMbao, Dakar, Sénégal",https://images.coinafrique.com/thumb_4785420_uploaded_image1_1717796700.jpg,Moutons
Foin,4700,"location_onKeur Massar, Sénégal",https://images.coinafrique.com/thumb_4807498_uploaded_image1_1719210756.jpg,Moutons
Mouton ladoum,Prixsurdemande,"location_onPoint E, Dakar, Sénégal",https://images.coinafrique.com/thumb_4754458_uploaded_image1_1716290235.jpg,Moutons
Mouton,150,"location_onGuediawaye, Dakar, Sénégal",https://images.coinafrique.com/thumb_4795886_uploaded_image1_1718392315.jpg,Moutons
Moutons,320,"location_onGuediawaye, Dakar, Sénégal",https://images.coinafrique.com/thumb_4792297_uploaded_image1_1718199825.jpg,Moutons
Mouton,270000,"location_onGrand Dakar, Dakar, Sénégal",https://images.coinafrique.com/thumb_4789672_uploaded_image1_1718065178.jpg,Moutons
Bélier,300,"location_onGuediawaye, Dakar, Sénégal",https://images.coinafrique.com/thumb_4788927_uploaded_image1_1718028874.jpg,Moutons
Mouton,350000,"location_onParcelle Assainies, Dakar, Sénégal",https://images.coinafrique.com/thumb_4787372_uploaded_image1_1717941182.jpg,Moutons
Mouton,195000,"location_onOuest Foire, Dakar, Sénégal",https://images.coinafrique.com/thumb_4787368_uploaded_image1_1717940799.jpg,Moutons
Mouton Azawat,160000,"location_onHann Bel-Air, Dakar, Sénégal",https://images.coinafrique.com/thumb_4780599_uploaded_image1_1717584331.jpg,Moutons
Mouton,275000,"location_onMbao, Dakar, Sénégal",https://images.coinafrique.com/thumb_4777249_uploaded_image1_1717432764.jpg,Moutons
Moutons de Tabaski,320,"location_onGuediawaye, Dakar, Sénégal",https://images.coinafrique.com/thumb_4777233_uploaded_image1_1717432319.jpg,Moutons
Moutons,120000,"location_onDakar, Sénégal",https://images.coinafrique.com/thumb_4773721_uploaded_image1_1717238496.jpg,Moutons
Mouton,125000,"location_onGassane, Sénégal",https://images.coinafrique.com/thumb_4769840_uploaded_image1_1717055825.jpg,Moutons
Mouton,90000,"location_onNiaga, Sénégal",https://images.coinafrique.com/thumb_4767940_uploaded_image1_1716976497.jpg,Moutons
Mouton,300000,"location_onGuediawaye, Dakar, Sénégal",https://images.coinafrique.com/thumb_4766880_uploaded_image1_1716912783.jpg,Moutons
Mouton,Prixsurdemande,"location_onSaint Louis, Sénégal",https://images.coinafrique.com/thumb_4757844_uploaded_image1_1716459279.jpg,Moutons
Mouton,150000,"location_onDiourbel, Sénégal",https://images.coinafrique.com/thumb_4748231_uploaded_image1_1715934057.jpg,Moutons
Mouton,275000,"location_onSipres, Dakar, Sénégal",https://images.coinafrique.com/thumb_4747250_uploaded_image1_1715876701.jpg,Moutons
Mouton,500,"location_onMbao, Dakar, Sénégal",https://images.coinafrique.com/thumb_4741757_uploaded_image1_1715629546.jpg,Moutons
Mouton,375000,"location_onGuediawaye, Dakar, Sénégal",https://images.coinafrique.com/thumb_4741635_uploaded_image1_1715623935.jpg,Moutons
Mouton,175000,"location_onDakar, Sénégal",https://images.coinafrique.com/thumb_4731309_uploaded_image1_1715104342.jpg,Moutons
Mouton Ladoum,Prixsurdemande,"location_onBiscuiterie, Dakar, Sénégal",https://images.coinafrique.com/thumb_4719240_uploaded_image1_1714554654.jpg,Moutons
Mouton,300000,"location_onGuediawaye, Dakar, Sénégal",https://images.coinafrique.com/thumb_4725591_uploaded_image1_1714828482.jpg,Moutons
Mouton,275,"location_onGuediawaye, Dakar, Sénégal",https://images.coinafrique.com/thumb_4725589_uploaded_image1_1714828398.jpg,Moutons
Mouton,300000,"location_onGuediawaye, Dakar, Sénégal",https://images.coinafrique.com/thumb_4725585_uploaded_image1_1714828278.jpg,Moutons
Mouton,Prixsurdemande,"location_onBiscuiterie, Dakar, Sénégal",https://images.coinafrique.com/thumb_4680580_uploaded_image1_1712496965.jpg,Moutons
Mouton,190000,"location_onDakar, Sénégal",https://images.coinafrique.com/thumb_4721636_uploaded_image1_1714655385.jpg,Moutons
Mouton,220000,"location_onDakar, Sénégal",https://images.coinafrique.com/thumb_4721626_uploaded_image1_1714655032.jpg,Moutons
Mouton Azawat,280000,"location_onGuediawaye, Dakar, Sénégal",https://images.coinafrique.com/thumb_4715180_uploaded_image1_1714322575.jpg,Moutons
Mouton Ladoum,1300000,"location_onThies, Sénégal",https://images.coinafrique.com/thumb_4705081_uploaded_image2_1713794349.jpeg,Moutons
Mouton,350000,"location_onGuediawaye, Dakar, Sénégal",https://images.coinafrique.com/thumb_4703542_uploaded_image1_1713713023.jpg,Moutons
Mouton Ladoum,500000,"location_onDakar, Sénégal",https://images.coinafrique.com/thumb_4703472_uploaded_image1_1713709692.jpg,Moutons
Mouton soudanais,385000,"location_onGuediawaye, Dakar, Sénégal",https://images.coinafrique.com/thumb_4678969_uploaded_image1_1712396340.jpg,Moutons
Mouton tchadienne,275000,"location_onGuediawaye, Dakar, Sénégal",https://images.coinafrique.com/thumb_4678964_uploaded_image1_1712396100.jpg,Moutons
Mouton,320000,"location_onMbao, Dakar, Sénégal",https://images.coinafrique.com/thumb_4677640_uploaded_image1_1712323497.jpg,Moutons
Mouton,250,"location_onDakar, Sénégal",https://images.coinafrique.com/thumb_4671961_uploaded_image1_1712077263.jpg,Moutons
Mouton,200000,"location_onGuediawaye, Dakar, Sénégal",https://images.coinafrique.com/thumb_4666295_uploaded_image1_1711750194.jpg,Moutons
Mouton ladoum,Prixsurdemande,"location_onDakar, Sénégal",https://images.coinafrique.com/thumb_4635646_uploaded_image1_1710109869.jpg,Moutons
Mouton  ladoum,750000,"location_onThies, Sénégal",https://images.coinafrique.com/thumb_4600147_uploaded_image1_1708304604.jpg,Moutons
Mouton Ladoum métisse,175000,"location_onParcelle Assainies, Dakar, Sénégal",https://images.coinafrique.com/thumb_4574584_uploaded_image1_1706868441.jpg,Moutons
Mouton,200000,"location_onGuediawaye, Dakar, Sénégal",https://images.coinafrique.com/thumb_4536120_uploaded_image1_1704815810.jpg,Moutons
Mouton,250000,"location_onThies, Sénégal",https://images.coinafrique.com/thumb_4530463_uploaded_image1_1704536315.jpg,Moutons
Moutons,500000,"location_onOuest Foire, Dakar, Sénégal",https://images.coinafrique.com/thumb_4501360_uploaded_image1_1702662448.jpg,Moutons
Bélier,160000,"location_onGuediawaye, Dakar, Sénégal",https://images.coinafrique.com/thumb_4484443_uploaded_image1_1701696864.jpg,Moutons
Mouton Ladoum,300000,"location_onPikine, Sénégal",https://images.coinafrique.com/thumb_4465409_uploaded_image1_1700496107.jpg,Moutons
Mouton Ladoum,1000000,"location_onDieuppeul-Derklé, Dakar, Sénégal",https://images.coinafrique.com/thumb_4444713_uploaded_image1_1699193772.jpg,Moutons
Mouton Ladoum,300000,"location_onGuediawaye, Dakar, Sénégal",https://images.coinafrique.com/thumb_4438683_uploaded_image1_1698850338.jpg,Moutons
Mouton Ladoum,300,"location_onGuediawaye, Dakar, Sénégal",https://images.coinafrique.com/thumb_4438677_uploaded_image1_1698850236.jpg,Moutons
Mouton,130000,"location_onGuediawaye, Dakar, Sénégal",https://images.coinafrique.com/thumb_4438670_uploaded_image1_1698850115.jpg,Moutons
Femelle Ladoum,750000,"location_onMbao, Dakar, Sénégal",https://images.coinafrique.com/thumb_4437187_uploaded_image1_1698769870.jpg,Moutons
Brebis,700000,"location_onDakar, Sénégal",https://images.coinafrique.com/thumb_4430520_uploaded_image1_1698276223.jpg,Moutons
Mouton Brebis,700000,"location_onDakar, Sénégal",https://images.coinafrique.com/thumb_4423962_uploaded_image1_1697827433.jpg,Moutons
Femelle Ladoum,Prixsurdemande,"location_onKeur Massar, Sénégal",https://images.coinafrique.com/thumb_4384585_uploaded_image1_1695244150.jpg,Moutons
Mouton,250000,"location_onLac rose, Sénégal",https://images.coinafrique.com/thumb_4372450_uploaded_image1_1694450195.jpg,Moutons
Mouton,135000,"location_onLac rose, Sénégal",https://images.coinafrique.com/thumb_4332510_uploaded_image1_1691845002.jpg,Moutons
Mouton,300000,"location_onGuediawaye, Dakar, Sénégal",https://images.coinafrique.com/thumb_4324452_uploaded_image1_1691333001.jpg,Moutons
Brebis,160000,"location_onGuediawaye, Dakar, Sénégal",https://images.coinafrique.com/thumb_4324447_uploaded_image1_1691332476.jpg,Moutons
Brebis,Prixsurdemande,"location_onThies, Sénégal",https://images.coinafrique.com/thumb_4312063_uploaded_image1_1690547414.jpg,Moutons
Mouton,350000,"location_onLac rose, Sénégal",https://images.coinafrique.com/thumb_4296534_uploaded_image1_1689514011.jpg,Moutons
Mouton,250000,"location_onMbao, Dakar, Sénégal",https://images.coinafrique.com/thumb_4263827_uploaded_image1_1687286750.jpg,Moutons
Mouton,265000,"location_onMbao, Dakar, Sénégal",https://images.coinafrique.com/thumb_4263826_uploaded_image1_1687286656.jpg,Moutons
Mouton,295,"location_onMbao, Dakar, Sénégal",https://images.coinafrique.com/thumb_4263820_uploaded_image1_1687286438.jpg,Moutons
Mouton Ladoum,500000,"location_onKaffrine, Sénégal",https://images.coinafrique.com/thumb_4295855_uploaded_image1_1689444388.jpg,Moutons
Mouton ladoum,650000,"location_onKeur Massar, Sénégal",https://images.coinafrique.com/thumb_4290166_uploaded_image1_1689087261.jpg,Moutons
Moutons,350000,"location_onKeur Massar, Sénégal",https://images.coinafrique.com/thumb_4286897_uploaded_image1_1688846757.jpg,Moutons
Mouton,420000,"location_onGrand Yoff, Dakar, Sénégal",https://images.coinafrique.com/thumb_4277689_uploaded_image1_1688305153.jpg,Moutons
Mouton,Prixsurdemande,"location_onPikine, Sénégal",https://images.coinafrique.com/thumb_4249782_uploaded_image1_1686325226.jpg,Moutons
Mouton,235000,"location_onOuest Foire, Dakar, Sénégal",https://images.coinafrique.com/thumb_4273458_uploaded_image1_1687961288.jpg,Moutons
Mouton Tabaski,165000,"location_onKeur Massar, Sénégal",https://images.coinafrique.com/thumb_4272920_uploaded_image1_1687908925.jpg,Moutons
Mouton,325000,"location_onSaint Louis, Sénégal",https://images.coinafrique.com/thumb_4271944_uploaded_image1_1687853532.jpg,Moutons
Mouton,250000,"location_onDakar, Sénégal",https://images.coinafrique.com/thumb_4267338_uploaded_image1_1687474078.jpg,Moutons
Œufs fécondés,2500,"location_onGuediawaye, Dakar, Sénégal",https://images.coinafrique.com/thumb_5740994_uploaded_image1_1769368723.jpg,Volailles
Poule Brahma,10000,"location_onDakar, Sénégal",https://images.coinafrique.com/thumb_5717554_uploaded_image1_1768255739.jpg,Volailles
Poussin dinde chair,3500,"location_onAlmadies 2, Dakar, Sénégal",https://images.coinafrique.com/thumb_5714121_uploaded_image1_1768054212.jpg,Volailles
Lapins,25000,"location_onParcelle Assainies, Dakar, Sénégal",https://images.coinafrique.com/thumb_5693264_uploaded_image1_1766935865.jpg,Volailles
Pigeons,Prixsurdemande,"location_onDakar, Sénégal",https://images.coinafrique.com/thumb_5674944_uploaded_image1_1765881198.jpg,Volailles
Pigeon King,60000,"location_onMbao, Dakar, Sénégal",https://images.coinafrique.com/thumb_5669544_uploaded_image1_1765545674.jpg,Volailles
Poulettes pré ponte de 124 jours,5000,"location_onDakar, Sénégal",https://images.coinafrique.com/thumb_5655142_uploaded_image2_1764832679.jpeg,Volailles
Poussin goliath,300,"location_onThies, Sénégal",https://images.coinafrique.com/thumb_5648409_uploaded_image1_1764510412.jpg,Volailles
Poulet Goliath,Prixsurdemande,"location_onMbao, Dakar, Sénégal",https://images.coinafrique.com/thumb_5648319_uploaded_image1_1764504900.jpg,Volailles
Pigeon Voyageur,20000,"location_onRufisque, Sénégal",https://images.coinafrique.com/thumb_5642510_uploaded_image1_1764173213.jpg,Volailles
Poule Brahman,Prixsurdemande,"location_onKeur Massar, Sénégal",https://images.coinafrique.com/thumb_5594420_uploaded_image1_1761683034.jpg,Volailles
Femmel cailloute,30000,"location_onMariste, Dakar, Sénégal",https://images.coinafrique.com/thumb_5587969_uploaded_image1_1761236540.jpg,Volailles
Poule Brahman,Prixsurdemande,"location_onKeur Massar, Sénégal",https://images.coinafrique.com/thumb_5577027_uploaded_image1_1760621886.jpg,Volailles
Lapin,Prixsurdemande,"location_onGuediawaye, Dakar, Sénégal",https://images.coinafrique.com/thumb_5572908_uploaded_image1_1760428902.jpg,Volailles
Pigeons mondain,Prixsurdemande,"location_onGuediawaye, Dakar, Sénégal",https://images.coinafrique.com/thumb_5572903_uploaded_image1_1760428699.jpg,Volailles
Couple  Mondain,130000,"location_onHLM, Dakar, Sénégal",https://images.coinafrique.com/thumb_5541428_uploaded_image1_1758715216.jpg,Volailles
Pigeon,15000,"location_onOuest Foire, Dakar, Sénégal",https://images.coinafrique.com/thumb_5521622_uploaded_image1_1757666321.jpg,Volailles
Lapin,40000,"location_onKeur Massar, Sénégal",https://images.coinafrique.com/thumb_5514578_uploaded_image2_1757331557.jpeg,Volailles
Pigeon Mondain,120000,"location_onGuediawaye, Dakar, Sénégal",https://images.coinafrique.com/thumb_5507608_uploaded_image1_1756942600.jpg,Volailles
Pigeon Mondain,120000,"location_onGuediawaye, Dakar, Sénégal",https://images.coinafrique.com/thumb_5507606_uploaded_image1_1756942550.jpg,Volailles
Pigeons,100000,"location_onParcelle Assainies, Dakar, Sénégal",https://images.coinafrique.com/thumb_5458528_uploaded_image1_1754315737.jpg,Volailles
Cochin caillouté,Prixsurdemande,"location_onOuakam, Dakar, Sénégal",https://images.coinafrique.com/thumb_5497195_uploaded_image1_1756395052.jpg,Volailles
Couples texans pionniers,40000,"location_onOuakam, Dakar, Sénégal",https://images.coinafrique.com/thumb_5497183_uploaded_image1_1756394350.jpg,Volailles
Couple Mondain,100000,"location_onOuakam, Dakar, Sénégal",https://images.coinafrique.com/thumb_5497172_uploaded_image1_1756394052.jpg,Volailles
Couple Manteau noir,15000,"location_onOuakam, Dakar, Sénégal",https://images.coinafrique.com/thumb_5497155_uploaded_image1_1756393487.jpg,Volailles
Pigeon culbtant volga,30000,"location_onFatick, Sénégal",https://images.coinafrique.com/thumb_5497140_uploaded_image1_1756393034.jpg,Volailles
Pigeon Lahore Levante,Prixsurdemande,"location_onThies, Sénégal",https://images.coinafrique.com/thumb_5486667_uploaded_image1_1755797873.jpg,Volailles
Pigeon Beauté Allemande,Prixsurdemande,"location_onThies, Sénégal",https://images.coinafrique.com/thumb_5486666_uploaded_image1_1755797791.jpg,Volailles
Lapin,35000,"location_onAlmadies, Dakar, Sénégal",https://images.coinafrique.com/thumb_5465434_uploaded_image1_1754648894.jpg,Volailles
Lapin Métis Californien,25000,"location_onKeur Massar, Sénégal",https://images.coinafrique.com/thumb_5437884_uploaded_image1_1753306013.jpg,Volailles
Brahman herminé,Prixsurdemande,"location_onKeur Massar, Sénégal",https://images.coinafrique.com/thumb_5435588_uploaded_image1_1753200754.jpg,Volailles
Poussins frisés,15000,"location_onKeur Massar, Sénégal",https://images.coinafrique.com/thumb_5430818_uploaded_image1_1752929676.jpg,Volailles
Poussins brahma blanc herminé,25000,"location_onDieuppeul-Derklé, Dakar, Sénégal",https://images.coinafrique.com/thumb_5414572_uploaded_image1_1752060211.jpg,Volailles
Poussins brahmas importés,10000,"location_onDiamalaye 2, Dakar, Sénégal",https://images.coinafrique.com/thumb_5404325_uploaded_image1_1751544553.jpg,Volailles
Poussins frisés,15000,"location_onKeur Massar, Sénégal",https://images.coinafrique.com/thumb_5402124_uploaded_image1_1751450050.jpg,Volailles
Poussins frisés,15000,"location_onKeur Massar, Sénégal",https://images.coinafrique.com/thumb_5402120_uploaded_image1_1751449791.jpg,Volailles
Coqs colorés,8000,"location_onBiscuiterie, Dakar, Sénégal",https://images.coinafrique.com/thumb_5394586_uploaded_image1_1751020727.jpg,Volailles
Poulet pondeuses,Prixsurdemande,"location_onMbour, Sénégal",https://images.coinafrique.com/thumb_5393356_uploaded_image1_1750945446.jpg,Volailles
Lapins,Prixsurdemande,"location_onThies, Sénégal",https://images.coinafrique.com/thumb_5384185_uploaded_image1_1750435313.jpg,Volailles
Couple voyageur,15000,"location_onMariste, Dakar, Sénégal",https://images.coinafrique.com/thumb_5381347_uploaded_image1_1750286641.jpg,Volailles
Lapin Métis californien,15000,"location_onKeur Massar, Sénégal",https://images.coinafrique.com/thumb_5364052_uploaded_image1_1749295289.jpg,Volailles
Poulet Padovani,45000,"location_onLouga, Sénégal",https://images.coinafrique.com/thumb_5353407_uploaded_image1_1748690625.jpg,Volailles
Poussins Brahma,Prixsurdemande,"location_onOuakam, Dakar, Sénégal",https://images.coinafrique.com/thumb_5352324_uploaded_image1_1748613214.jpg,Volailles
Lapins Métis Californien,10000,"location_onKeur Massar, Sénégal",https://images.coinafrique.com/thumb_5350705_uploaded_image1_1748514803.jpg,Volailles
Poulet,50000,"location_onThies, Sénégal",https://images.coinafrique.com/thumb_5344600_uploaded_image1_1748179147.jpg,Volailles
couple mondain adulte 2024,200000,"location_onPikine, Sénégal",https://images.coinafrique.com/thumb_5337087_uploaded_image1_1747753115.jpg,Volailles
Couple Braman Hermine,90000,"location_onParcelle Assainies, Dakar, Sénégal",https://images.coinafrique.com/thumb_5329879_uploaded_image1_1747329681.jpg,Volailles
Couple Braman Hermine,90000,"location_onParcelle Assainies, Dakar, Sénégal",https://images.coinafrique.com/thumb_5329869_uploaded_image1_1747329370.jpg,Volailles
Dindon,Prixsurdemande,"location_onOuakam, Dakar, Sénégal",https://images.coinafrique.com/thumb_5323572_uploaded_image1_1747046013.jpg,Volailles
Pigeon voyageur,Prixsurdemande,"location_onOuakam, Dakar, Sénégal",https://images.coinafrique.com/thumb_5323552_uploaded_image1_1747045029.jpg,Volailles
Pigeon King Indigo,Prixsurdemande,"location_onSicap Liberté, Dakar, Sénégal",https://images.coinafrique.com/thumb_5321991_uploaded_image1_1746917494.jpg,Volailles
Pigeon,30000,"location_onThies, Sénégal",https://images.coinafrique.com/thumb_5290537_uploaded_image1_1745182886.jpg,Volailles
Poule,25000,"location_onDakar, Sénégal",https://images.coinafrique.com/thumb_5280953_uploaded_image1_1744629489.jpg,Volailles
Lapin geant,Prixsurdemande,"location_onKeur Massar, Sénégal",https://images.coinafrique.com/thumb_5276799_uploaded_image1_1744362952.jpg,Volailles
Barman,12500,"location_onMbour, Sénégal",https://images.coinafrique.com/thumb_5276065_uploaded_image1_1744311662.jpg,Volailles
Pigeon,Prixsurdemande,"location_onDakar, Sénégal",https://images.coinafrique.com/thumb_5274182_uploaded_image1_1744216748.jpg,Volailles
Pigeons,Prixsurdemande,"location_onDakar, Sénégal",https://images.coinafrique.com/thumb_5274177_uploaded_image1_1744216637.jpg,Volailles
Pigeons voyageurs,Prixsurdemande,"location_onDakar, Sénégal",https://images.coinafrique.com/thumb_5274172_uploaded_image1_1744216429.jpg,Volailles
Brahma columbia,Prixsurdemande,"location_onParcelle Assainies, Dakar, Sénégal",https://images.coinafrique.com/thumb_5272290_uploaded_image1_1744128456.jpg,Volailles
Pigeons de race,Prixsurdemande,"location_onOuakam, Dakar, Sénégal",https://images.coinafrique.com/thumb_5258333_uploaded_image1_1743424345.jpg,Volailles
Poulet local,3500,"location_onPatte d'oie, Dakar, Sénégal",https://images.coinafrique.com/thumb_5252650_uploaded_image1_1743037834.jpg,Volailles
Pigeon,100000,"location_onSicap Liberté, Dakar, Sénégal",https://images.coinafrique.com/thumb_5246700_uploaded_image1_1742737554.jpg,Volailles
Pigeon Mondain,150000,"location_onGuediawaye, Dakar, Sénégal",https://images.coinafrique.com/thumb_5232372_uploaded_image1_1741970489.jpg,Volailles
Lapin Métis Californien,25000,"location_onKeur Massar, Sénégal",https://images.coinafrique.com/thumb_5225208_uploaded_image1_1741633076.jpg,Volailles
Coque Hermine,50000,"location_onDakar, Sénégal",https://images.coinafrique.com/thumb_5202384_uploaded_image1_1740482590.jpg,Volailles
Lapins métis californiens,10000,"location_onKeur Massar, Sénégal",https://images.coinafrique.com/thumb_5198096_uploaded_image1_1740225080.jpg,Volailles
Lapin Californien,120000,"location_onAlmadies 2, Dakar, Sénégal",https://images.coinafrique.com/thumb_5189123_uploaded_image1_1739781768.jpg,Volailles
Pigeon voyageur,5000,"location_onDakar Plateau, Dakar, Sénégal",https://images.coinafrique.com/thumb_5180652_uploaded_image1_1739276152.jpg,Volailles
Poussin herminé,10000,"location_onDakar, Sénégal",https://images.coinafrique.com/thumb_5179009_uploaded_image1_1739192841.jpg,Volailles
Pigeon Mondain,150000,"location_onGuediawaye, Dakar, Sénégal",https://images.coinafrique.com/thumb_5121788_uploaded_image1_1736179154.jpg,Volailles
Lapin,12000,"location_onDiamniadio, Sénégal",https://images.coinafrique.com/thumb_5119498_uploaded_image1_1736025924.jpg,Volailles
Lapin,12000,"location_onDiamniadio, Sénégal",https://images.coinafrique.com/thumb_5119494_uploaded_image1_1736025705.jpg,Volailles
Poussin Herminé,36000,"location_onDakar, Sénégal",https://images.coinafrique.com/thumb_5107651_uploaded_image1_1735215733.jpg,Volailles
Poussins,Prixsurdemande,"location_onParcelle Assainies, Dakar, Sénégal",https://images.coinafrique.com/thumb_5104370_uploaded_image1_1734964382.jpg,Volailles
Couple lahore lavande,30000,"location_onPatte d'oie, Dakar, Sénégal",https://images.coinafrique.com/thumb_5088564_uploaded_image1_1734010113.jpg,Volailles
Pigeon Mondain,200000,"location_onRufisque, Sénégal",https://images.coinafrique.com/thumb_5085521_uploaded_image1_1733851166.jpg,Volailles
Poussin brahman,25000,"location_onPikine, Sénégal",https://images.coinafrique.com/thumb_5080703_uploaded_image1_1733571477.jpg,Volailles
Mondain noir,150000,"location_onGuediawaye, Dakar, Sénégal",https://images.coinafrique.com/thumb_5078519_uploaded_image1_1733444790.jpg,Volailles
couple boulon saxe,45000,"location_onMariste, Dakar, Sénégal",https://images.coinafrique.com/thumb_5069958_uploaded_image1_1733056070.jpg,Volailles
Couple adulte métisses,35000,"location_onPikine, Sénégal",https://images.coinafrique.com/thumb_5064256_uploaded_image1_1732714222.jpg,Volailles
Poule Brahma,45000,"location_onPikine, Sénégal",https://images.coinafrique.com/thumb_5044135_uploaded_image1_1731603018.jpg,Volailles
Couple mantau écailles de 2 mois,15000,"location_onMbour, Sénégal",https://images.coinafrique.com/thumb_5043101_uploaded_image1_1731565347.jpg,Volailles
lapins mâle adulte,15000,"location_onPikine, Sénégal",https://images.coinafrique.com/thumb_5000540_uploaded_image1_1729260478.jpg,Volailles
Rex garenne,Prixsurdemande,"location_onAlmadies 2, Dakar, Sénégal",https://images.coinafrique.com/thumb_4998472_uploaded_image1_1729159431.jpg,Volailles
Pigeon pan indien,10000,"location_onPatte d'oie, Dakar, Sénégal",https://images.coinafrique.com/thumb_4996843_uploaded_image1_1729085675.jpg,Volailles
Poule Brahma,Prixsurdemande,"location_onParcelle Assainies, Dakar, Sénégal",https://images.coinafrique.com/thumb_4993341_uploaded_image1_1728920307.jpg,Volailles
Couple lapins,15000,"location_onPikine, Sénégal",https://images.coinafrique.com/thumb_4981240_uploaded_image1_1728309289.jpg,Volailles
Lapins,15000,"location_onGrand Yoff, Dakar, Sénégal",https://images.coinafrique.com/thumb_4975768_uploaded_image1_1727986043.jpg,Volailles
Coq,3000,"location_onHann Bel-Air, Dakar, Sénégal",https://images.coinafrique.com/thumb_4975038_uploaded_image1_1727964716.jpg,Volailles
Lapin,15000,"location_onKeur Massar, Sénégal",https://images.coinafrique.com/thumb_4966470_uploaded_image1_1727557573.jpg,Volailles
Pigeon voyageur,Prixsurdemande,"location_onMariste, Dakar, Sénégal",https://images.coinafrique.com/thumb_4946879_uploaded_image1_1726499763.jpg,Volailles
Pigeon voyageur,15000,"location_onMariste, Dakar, Sénégal",https://images.coinafrique.com/thumb_4946878_uploaded_image1_1726499637.jpg,Volailles
Poulets Fermiers,10000,"location_onHann Bel-Air, Dakar, Sénégal",https://images.coinafrique.com/thumb_4942161_uploaded_image1_1726204258.jpg,Volailles
Pigeon voyageur,25000,"location_onMariste, Dakar, Sénégal",https://images.coinafrique.com/thumb_4936241_uploaded_image1_1725920934.jpg,Volailles
Poule Brahma,Prixsurdemande,"location_onDakar, Sénégal",https://images.coinafrique.com/thumb_4936101_uploaded_image1_1725915391.jpg,Volailles
couples lapins,15000,"location_onPikine, Sénégal",https://images.coinafrique.com/thumb_4932369_uploaded_image1_1725702422.jpg,Volailles
Pigeons Voyageurs  et boulants,Prixsurdemande,"location_onDakar, Sénégal",https://images.coinafrique.com/thumb_4920745_uploaded_image1_1725167512.jpg,Volailles
pigeon voyageur,Prixsurdemande,"location_onGuediawaye, Dakar, Sénégal",https://images.coinafrique.com/thumb_4917441_uploaded_image1_1724967120.jpg,Volailles
Pigeon Boulant Gaditano,Prixsurdemande,"location_onDakar, Sénégal",https://images.coinafrique.com/thumb_4884507_uploaded_image1_1723139531.jpg,Volailles
Lapin nain,30000,"location_onParcelle Assainies, Dakar, Sénégal",https://images.coinafrique.com/thumb_4865409_uploaded_image1_1722221284.jpg,Volailles
Cochin Caillouté Et Porteur Caillouté,Prixsurdemande,"location_onPikine, Sénégal",https://images.coinafrique.com/thumb_4862961_uploaded_image1_1722048205.jpg,Volailles
Pigeon mondain noir,170000,"location_onGuediawaye, Dakar, Sénégal",https://images.coinafrique.com/thumb_4862270_uploaded_image1_1722006320.jpg,Volailles
Pan indien blanc,35000,"location_onMermoz-Sacré Coeur, Dakar, Sénégal",https://images.coinafrique.com/thumb_4860862_uploaded_image1_1721930737.jpg,Volailles
Pigeons  Texan,20000,"location_onMermoz-Sacré Coeur, Dakar, Sénégal",https://images.coinafrique.com/thumb_4860848_uploaded_image1_1721930260.jpg,Volailles
Couple pigeon mondain blanc,70000,"location_onMbao, Dakar, Sénégal",https://images.coinafrique.com/thumb_4853197_uploaded_image1_1721514569.jpg,Volailles
Paires engoura,Prixsurdemande,"location_onMbao, Dakar, Sénégal",https://images.coinafrique.com/thumb_4841263_uploaded_image1_1720874099.jpg,Volailles
Jeune Mondain 2024,150000,"location_onThiaroye, Sénégal",https://images.coinafrique.com/thumb_4840128_uploaded_image1_1720797760.jpg,Volailles
Lapereaux métisse Géant et Californien,15000,"location_onMbao, Dakar, Sénégal",https://images.coinafrique.com/thumb_4829597_uploaded_image1_1720290196.jpg,Volailles
Poussin Herminé standard,Prixsurdemande,"location_onDakar, Sénégal",https://images.coinafrique.com/thumb_4824502_uploaded_image1_1720037338.jpg,Volailles
Mâle brahman Hierminés,Prixsurdemande,"location_onDakar, Sénégal",https://images.coinafrique.com/thumb_4824501_uploaded_image1_1720037293.jpg,Volailles
Cochin porteur caillouté paire,120000,"location_onMbao, Dakar, Sénégal",https://images.coinafrique.com/thumb_4818681_uploaded_image1_1719796046.jpg,Volailles
Hermines et cochins,500,"location_onMermoz-Sacré Coeur, Dakar, Sénégal",https://images.coinafrique.com/thumb_4817873_uploaded_image1_1719747122.jpg,Volailles
Poulet du pays,3500,"location_onSaint Louis, Sénégal",https://images.coinafrique.com/thumb_4807968_uploaded_image1_1719229010.jpg,Volailles
Poule Brahma,95000,"location_onRufisque, Sénégal",https://images.coinafrique.com/thumb_4807398_uploaded_image1_1719187421.jpg,Volailles
Jeune couple Mondain,Prixsurdemande,"location_onGuediawaye, Dakar, Sénégal",https://images.coinafrique.com/thumb_4800310_uploaded_image1_1718745887.jpg,Volailles
Texan pionnier,Prixsurdemande,"location_onGuediawaye, Dakar, Sénégal",https://images.coinafrique.com/thumb_4800306_uploaded_image1_1718745517.jpg,Volailles
Poulet race,Prixsurdemande,"location_onKeur Massar, Sénégal",https://images.coinafrique.com/thumb_4787594_uploaded_image1_1717954434.jpg,Volailles
Poulets,2500,"location_onDakar, Sénégal",https://images.coinafrique.com/thumb_4767951_uploaded_image1_1716976720.jpg,Volailles
Couple lapereau fauve de bourgogne,40000,"location_onLac rose, Sénégal",https://images.coinafrique.com/thumb_4751808_uploaded_image1_1716133783.jpg,Volailles
Poulets de chair,1500,"location_onMbao, Dakar, Sénégal",https://images.coinafrique.com/thumb_4696598_uploaded_image1_1713352074.jpg,Volailles
Poulet,Prixsurdemande,"location_onThies, Sénégal",https://images.coinafrique.com/thumb_4738369_uploaded_image1_1715444473.jpg,Volailles
Pigeons voyageurs,Prixsurdemande,"location_onDakar, Sénégal",https://images.coinafrique.com/thumb_4729764_uploaded_image1_1715037972.jpg,Volailles
Poulet Nègre de soie,35000,"location_onAlmadies, Dakar, Sénégal",https://images.coinafrique.com/thumb_4723223_uploaded_image1_1714727157.jpg,Volailles
Lapin Angora,20000,"location_onMamelles, Dakar, Sénégal",https://images.coinafrique.com/thumb_4714367_uploaded_image1_1714245668.jpg,Volailles
Pigeons King mâle,35000,"location_onDakar, Sénégal",https://images.coinafrique.com/thumb_4704120_uploaded_image1_1713750109.jpg,Volailles
Lapereaux,13500,"location_onGuediawaye, Dakar, Sénégal",https://images.coinafrique.com/thumb_4703012_uploaded_image1_1713680804.jpg,Volailles
Pigeon Mâle voyageur,Prixsurdemande,"location_onDakar, Sénégal",https://images.coinafrique.com/thumb_4690859_uploaded_image1_1713063647.jpg,Volailles
Couple Pigeons voyageur,15000,"location_onDakar, Sénégal",https://images.coinafrique.com/thumb_4690857_uploaded_image1_1713063525.jpg,Volailles
Pigeon Mondain écailler,170000,"location_onGuediawaye, Dakar, Sénégal",https://images.coinafrique.com/thumb_4685152_uploaded_image1_1712756876.jpg,Volailles
Poulets de chair,Prixsurdemande,"location_onMbour, Sénégal",https://images.coinafrique.com/thumb_4667518_uploaded_image1_1711842967.jpg,Volailles
Femelle andalou,250000,"location_onGuediawaye, Dakar, Sénégal",https://images.coinafrique.com/thumb_4667144_uploaded_image1_1711815313.jpg,Volailles
Pigeon voyageur à manteau,Prixsurdemande,"location_onCambérène, Dakar, Sénégal",https://images.coinafrique.com/thumb_4664901_uploaded_image1_1711663618.jpg,Volailles
Pigeon Mondain Andalou,300,"location_onCambérène, Dakar, Sénégal",https://images.coinafrique.com/thumb_4664895_uploaded_image1_1711663431.jpg,Volailles
Pigeons,50000,"location_onRufisque, Sénégal",https://images.coinafrique.com/thumb_4662585_uploaded_image1_1711547077.jpg,Volailles
Pigeon Texan,80000,"location_onRufisque, Sénégal",https://images.coinafrique.com/thumb_4653331_uploaded_image1_1711039616.jpg,Volailles
Pigeons Mondain,225000,"location_onRufisque, Sénégal",https://images.coinafrique.com/thumb_4653298_uploaded_image1_1711039158.jpg,Volailles
Œufs à couver,12500,"location_onMbao, Dakar, Sénégal",https://images.coinafrique.com/thumb_4651892_uploaded_image1_1710962341.jpg,Volailles
Couple  Brahma Herminé standard,80000,"location_onMbao, Dakar, Sénégal",https://images.coinafrique.com/thumb_4650066_uploaded_image1_1710871182.jpg,Volailles
Brahma,25000,"location_onDakar, Sénégal",https://images.coinafrique.com/thumb_4644724_uploaded_image1_1710589505.jpg,Volailles
Pigeon Boulant,Prixsurdemande,"location_onDakar, Sénégal",https://images.coinafrique.com/thumb_4624925_uploaded_image1_1709567352.jpg,Volailles
Pigeon King,Prixsurdemande,"location_onDakar, Sénégal",https://images.coinafrique.com/thumb_4624920_uploaded_image1_1709567189.jpg,Volailles
Pigeon voyageur,15000,"location_onDakar, Sénégal",https://images.coinafrique.com/thumb_4624891_uploaded_image1_1709566248.jpg,Volailles
Pigeons,Prixsurdemande,"location_onAlmadies 2, Dakar, Sénégal",https://images.coinafrique.com/thumb_4623025_uploaded_image1_1709471989.jpg,Volailles
Pigeon voyageur Manteau Opale,Prixsurdemande,"location_onGuediawaye, Dakar, Sénégal",https://images.coinafrique.com/thumb_4621197_uploaded_image1_1709366454.jpg,Volailles
Poussin oie,35000,"location_onGuediawaye, Dakar, Sénégal",https://images.coinafrique.com/thumb_4619799_uploaded_image1_1709296095.jpg,Volailles
Poulets de chairs,3500,"location_onRufisque, Sénégal",https://images.coinafrique.com/thumb_4612683_uploaded_image1_1708957200.jpg,Volailles
Brahman bleu Lemon,40000,"location_onDakar, Sénégal",https://images.coinafrique.com/thumb_4612273_uploaded_image1_1708946489.jpg,Volailles
Pigeons,Prixsurdemande,"location_onKeur Massar, Sénégal",https://images.coinafrique.com/thumb_4612083_uploaded_image1_1708939903.jpg,Volailles
Poussin Marans,10000,"location_onDakar, Sénégal",https://images.coinafrique.com/thumb_4603800_uploaded_image1_1708477906.jpg,Volailles
Pigeons couple Mondain,170000,"location_onGuediawaye, Dakar, Sénégal",https://images.coinafrique.com/thumb_4598304_uploaded_image1_1708179510.jpg,Volailles
Couples lapereaux,100000,"location_onKeur Massar, Sénégal",https://images.coinafrique.com/thumb_4587998_uploaded_image1_1707587252.jpg,Volailles
Pigeon Lahor,20000,"location_onRufisque, Sénégal",https://images.coinafrique.com/thumb_4565457_uploaded_image1_1706369680.jpg,Volailles
Pigeon Modain,160000,"location_onGrand Yoff, Dakar, Sénégal",https://images.coinafrique.com/thumb_4561395_uploaded_image1_1706128448.jpg,Volailles
Lapereau,10000,"location_onLac rose, Sénégal",https://images.coinafrique.com/thumb_4556321_uploaded_image1_1705859521.jpg,Volailles
Poulet de chaire,5000,"location_onMbao, Dakar, Sénégal",https://images.coinafrique.com/thumb_4555523_uploaded_image1_1705793143.jpg,Volailles
Pigeons King,60000,"location_onMariste, Dakar, Sénégal",https://images.coinafrique.com/thumb_4548383_uploaded_image1_1705424797.jpg,Volailles
Paire pigeon  jeune King,60000,"location_onMariste, Dakar, Sénégal",https://images.coinafrique.com/thumb_4545200_uploaded_image1_1705269534.jpg,Volailles
Pigeons,5000,"location_onSicap Liberté, Dakar, Sénégal",https://images.coinafrique.com/thumb_4542217_uploaded_image1_1705082041.jpg,Volailles
Pigeons,5000,"location_onSicap Liberté, Dakar, Sénégal",https://images.coinafrique.com/thumb_4542193_uploaded_image1_1705080975.jpg,Volailles
Lapin,35000,"location_onMariste, Dakar, Sénégal",https://images.coinafrique.com/thumb_4517612_uploaded_image1_1703770805.jpg,Volailles
Pigeon,Prixsurdemande,"location_onOuakam, Dakar, Sénégal",https://images.coinafrique.com/thumb_4513662_uploaded_image2_1703531881.jpeg,Volailles
Lapin,Prixsurdemande,"location_onMariste, Dakar, Sénégal",https://images.coinafrique.com/thumb_4513225_uploaded_image1_1703497424.jpg,Volailles
Lapin fauve male,80000,"location_onMariste, Dakar, Sénégal",https://images.coinafrique.com/thumb_4512680_uploaded_image1_1703431761.jpg,Volailles
Couple lapin,Prixsurdemande,"location_onDakar, Sénégal",https://images.coinafrique.com/thumb_4509856_uploaded_image1_1703213564.jpg,Volailles
Poulet de chair,3500,"location_onDakar, Sénégal",https://images.coinafrique.com/thumb_4509252_uploaded_image1_1703175319.jpg,Volailles
Couple lapereau,40000,"location_onDakar, Sénégal",https://images.coinafrique.com/thumb_4505997_uploaded_image1_1702997024.jpg,Volailles
Couple lapin français,40000,"location_onDakar, Sénégal",https://images.coinafrique.com/thumb_4505989_uploaded_image1_1702996795.jpg,Volailles
Lapin,Prixsurdemande,"location_onYoff, Dakar, Sénégal",https://images.coinafrique.com/thumb_4490937_uploaded_image1_1702037014.jpg,Volailles
Canard de barbarie,12000,"location_onDiamniadio, Sénégal",https://images.coinafrique.com/thumb_5769889_uploaded_image1_1770826381.jpg,Autres
Taureau 300 kg,750000,"location_onMatam, Sénégal",https://images.coinafrique.com/thumb_5737439_uploaded_image1_1769181361.jpg,Autres
Oiseaux exotiques,Prixsurdemande,"location_onMbao, Dakar, Sénégal",https://images.coinafrique.com/thumb_5716215_uploaded_image1_1768207752.jpg,Autres
Scottish Fold,720000,"location_onPoint E, Dakar, Sénégal",https://images.coinafrique.com/thumb_5673757_uploaded_image1_1765819078.jpg,Autres
Chaton,750000,"location_onPoint E, Dakar, Sénégal",https://images.coinafrique.com/thumb_5673754_uploaded_image1_1765818969.jpg,Autres
Chaton Persan,650000,"location_onPoint E, Dakar, Sénégal",https://images.coinafrique.com/thumb_5673747_uploaded_image1_1765818767.jpg,Autres
British Long Hair Blue,750000,"location_onPoint E, Dakar, Sénégal",https://images.coinafrique.com/thumb_5673744_uploaded_image1_1765818608.jpg,Autres
Chaton,750000,"location_onPoint E, Dakar, Sénégal",https://images.coinafrique.com/thumb_5673743_uploaded_image1_1765818498.jpg,Autres
Auqarium 110 litre et couple de tortue,50000,"location_onDakar Plateau, Dakar, Sénégal",https://images.coinafrique.com/thumb_5672207_uploaded_image1_1765734200.jpg,Autres
Chatons,Prixsurdemande,"location_onAlmadies 2, Dakar, Sénégal",https://images.coinafrique.com/thumb_5671561_uploaded_image1_1765674851.jpg,Autres
Perroquets rose gorge,40000,"location_onPoint E, Dakar, Sénégal",https://images.coinafrique.com/thumb_5668046_uploaded_image1_1765474059.jpg,Autres
Taureau,2500000,"location_onFatick, Sénégal",https://images.coinafrique.com/thumb_5634272_uploaded_image1_1763756384.jpg,Autres
Bœuf,650,"location_onBambey, Sénégal",https://images.coinafrique.com/thumb_5632019_uploaded_image1_1763646437.jpg,Autres
Bœuf,725,"location_onBambey, Sénégal",https://images.coinafrique.com/thumb_5632012_uploaded_image1_1763646301.jpg,Autres
Vache,350000,"location_onPatte d'oie, Dakar, Sénégal",https://images.coinafrique.com/thumb_5587581_uploaded_image1_1761220550.jpg,Autres
Bœufs,Prixsurdemande,"location_onPikine, Sénégal",https://images.coinafrique.com/thumb_5577776_uploaded_image1_1760656718.jpg,Autres
Œuf à couver,Prixsurdemande,"location_onSicap foire, Dakar, Sénégal",https://images.coinafrique.com/thumb_5570463_uploaded_image1_1760280696.jpg,Autres
Perroquets perruches ondulées,25000,"location_onPoint E, Dakar, Sénégal",https://images.coinafrique.com/thumb_5560070_uploaded_image1_1759698099.jpg,Autres
Pintades,Prixsurdemande,"location_onThies, Sénégal",https://images.coinafrique.com/thumb_5547215_uploaded_image1_1759069446.jpg,Autres
Grand Bouc Hijazi,1200,"location_onSaint Louis, Sénégal",https://images.coinafrique.com/thumb_5547149_uploaded_image1_1759064910.jpg,Autres
Chat Persan chinchilla,170000,"location_onSicap Liberté, Dakar, Sénégal",https://images.coinafrique.com/thumb_5543922_uploaded_image1_1758835732.jpg,Autres
Taureau métis d'insémination,2500000,"location_onFatick, Sénégal",https://images.coinafrique.com/thumb_5543760_uploaded_image1_1758829182.jpg,Autres
Taureau métis,2500000,"location_onFatick, Sénégal",https://images.coinafrique.com/thumb_5538746_uploaded_image1_1758579115.jpg,Autres
Angora turc-chat,Prixsurdemande,"location_onSicap Liberté, Dakar, Sénégal",https://images.coinafrique.com/thumb_5536029_uploaded_image1_1758435597.jpg,Autres
Calopsite élégante,75000,"location_onPoint E, Dakar, Sénégal",https://images.coinafrique.com/thumb_5530646_uploaded_image1_1758128661.jpg,Autres
Chaton Chartreux,100000,"location_onOuest Foire, Dakar, Sénégal",https://images.coinafrique.com/thumb_5523792_uploaded_image1_1757773181.jpg,Autres
Oies toulouse,Prixsurdemande,"location_onFass, Dakar, Sénégal",https://images.coinafrique.com/thumb_5520138_uploaded_image1_1757590578.jpg,Autres
Cailles et œufs de caille,3000,"location_onGuediawaye, Dakar, Sénégal",https://images.coinafrique.com/thumb_5514762_uploaded_image2_1757337112.jpeg,Autres
Chats,Prixsurdemande,"location_onAlmadies, Dakar, Sénégal",https://images.coinafrique.com/thumb_5512934_uploaded_image1_1757238653.jpg,Autres
Chat  siamois,Prixsurdemande,"location_onAlmadies, Dakar, Sénégal",https://images.coinafrique.com/thumb_5512930_uploaded_image1_1757238545.jpg,Autres
Paon,Prixsurdemande,"location_onThies, Sénégal",https://images.coinafrique.com/thumb_5506967_uploaded_image2_1756912377.jpeg,Autres
Chaton,35000,"location_onMariste, Dakar, Sénégal",https://images.coinafrique.com/thumb_5504764_uploaded_image1_1756819478.jpg,Autres
Oie,40000,"location_onDakar, Sénégal",https://images.coinafrique.com/thumb_5499869_uploaded_image1_1756556464.jpg,Autres
Lapin nain,Prixsurdemande,"location_onDieuppeul-Derklé, Dakar, Sénégal",https://images.coinafrique.com/thumb_5493761_uploaded_image1_1756214626.jpg,Autres
Chat siamois,Prixsurdemande,"location_onAlmadies, Dakar, Sénégal",https://images.coinafrique.com/thumb_5485800_uploaded_image1_1755771580.jpg,Autres
Chaton Ragdoll,950000,"location_onDakar Plateau, Dakar, Sénégal",https://images.coinafrique.com/thumb_5482181_uploaded_image1_1755602298.jpg,Autres
Boeuf,Prixsurdemande,"location_onNiaga, Sénégal",https://images.coinafrique.com/thumb_5480837_uploaded_image1_1755523512.jpg,Autres
Boeuf,Prixsurdemande,"location_onNiaga, Sénégal",https://images.coinafrique.com/thumb_5480832_uploaded_image1_1755523426.jpg,Autres
Vache,850000,"location_onRufisque, Sénégal",https://images.coinafrique.com/thumb_5479568_uploaded_image1_1755445038.jpg,Autres
Chaton Scottish,750000,"location_onDakar Plateau, Dakar, Sénégal",https://images.coinafrique.com/thumb_5473342_uploaded_image1_1755076567.jpg,Autres
Chaton persan,400000,"location_onDakar Plateau, Dakar, Sénégal",https://images.coinafrique.com/thumb_5473339_uploaded_image1_1755076399.jpg,Autres
Perroquets,60000,"location_onPoint E, Dakar, Sénégal",https://images.coinafrique.com/thumb_5462432_uploaded_image1_1754495711.jpg,Autres
Bœuf,Prixsurdemande,"location_onNiaga, Sénégal",https://images.coinafrique.com/thumb_5454263_uploaded_image1_1754080085.jpg,Autres
Bœufs,550,"location_onBambey, Sénégal",https://images.coinafrique.com/thumb_5452011_uploaded_image1_1753984227.jpg,Autres
Bœufs,650,"location_onBambey, Sénégal",https://images.coinafrique.com/thumb_5452005_uploaded_image1_1753984088.jpg,Autres
Poulet et dinde,Prixsurdemande,"location_onThies, Sénégal",https://images.coinafrique.com/thumb_5441026_uploaded_image1_1753445528.jpg,Autres
Bœuf,650,"location_onBambey, Sénégal",https://images.coinafrique.com/thumb_5437295_uploaded_image1_1753284704.jpg,Autres
Chat Siamois,250000,"location_onHLM, Dakar, Sénégal",https://images.coinafrique.com/thumb_5435961_uploaded_image1_1753216346.jpg,Autres
Taureau,Prixsurdemande,"location_onBambey, Sénégal",https://images.coinafrique.com/thumb_5427578_uploaded_image1_1752742760.jpg,Autres
Chatons,200000,"location_onDakar Plateau, Dakar, Sénégal",https://images.coinafrique.com/thumb_5426216_uploaded_image1_1752670435.jpg,Autres
Tortue terrestre sulcata,Prixsurdemande,"location_onDakar, Sénégal",https://images.coinafrique.com/thumb_5422356_uploaded_image1_1752488553.jpg,Autres
Hamster,15000,"location_onDakar, Sénégal",https://images.coinafrique.com/thumb_5422322_uploaded_image1_1752487140.jpg,Autres
Taureaux,950000,"location_onBambey, Sénégal",https://images.coinafrique.com/thumb_5419672_uploaded_image1_1752312673.jpg,Autres
Dindons et dindes,Prixsurdemande,"location_onThies, Sénégal",https://images.coinafrique.com/thumb_5374129_uploaded_image1_1749898688.jpg,Autres
Poisson Aquarium,7500,"location_onDakar, Sénégal",https://images.coinafrique.com/thumb_5370855_uploaded_image1_1749722665.jpg,Autres
Veau,6500000,"location_onSicap Liberté, Dakar, Sénégal",https://images.coinafrique.com/thumb_5363603_uploaded_image1_1749256640.jpg,Autres
Dinde,30000,"location_onThies, Sénégal",https://images.coinafrique.com/thumb_5350940_uploaded_image1_1748524952.jpg,Autres
Bouc,80000,"location_onKeur Massar, Sénégal",https://images.coinafrique.com/thumb_5350345_uploaded_image1_1748476176.jpg,Autres
Chaton,350000,"location_onDakar Plateau, Dakar, Sénégal",https://images.coinafrique.com/thumb_5344588_uploaded_image1_1748177635.jpg,Autres
Chaton Angora turc,Prixsurdemande,"location_onPoint E, Dakar, Sénégal",https://images.coinafrique.com/thumb_5341379_uploaded_image1_1747965234.jpg,Autres
Chatons,200000,"location_onDakar Plateau, Dakar, Sénégal",https://images.coinafrique.com/thumb_5330509_uploaded_image1_1747360436.jpg,Autres
Perroquet Rose Gorge,50000,"location_onPoint E, Dakar, Sénégal",https://images.coinafrique.com/thumb_5329928_uploaded_image1_1747330648.jpg,Autres
Cailles,Prixsurdemande,"location_onThies, Sénégal",https://images.coinafrique.com/thumb_5321576_uploaded_image1_1746893786.jpg,Autres
Boeuf,350000,"location_onBambey, Sénégal",https://images.coinafrique.com/thumb_5317378_uploaded_image1_1746698849.jpg,Autres
Chèvre race ndama,350000,"location_onRufisque, Sénégal",https://images.coinafrique.com/thumb_5315130_uploaded_image1_1746566615.jpg,Autres
Vaches,325,"location_onBambey, Sénégal",https://images.coinafrique.com/thumb_5308237_uploaded_image1_1746189283.jpg,Autres
Canards,7000,"location_onHann Bel-Air, Dakar, Sénégal",https://images.coinafrique.com/thumb_5300877_uploaded_image1_1745779858.jpg,Autres
Cheval,Prixsurdemande,"location_onOuakam, Dakar, Sénégal",https://images.coinafrique.com/thumb_5300026_uploaded_image1_1745701177.jpg,Autres
Chat Persan,450000,"location_onPoint E, Dakar, Sénégal",https://images.coinafrique.com/thumb_5297087_uploaded_image1_1745527617.jpg,Autres
Couple pintades adultes,35000,"location_onSicap foire, Dakar, Sénégal",https://images.coinafrique.com/thumb_5295025_uploaded_image1_1745431940.jpg,Autres
Chaton,375000,"location_onFann, Dakar, Sénégal",https://images.coinafrique.com/thumb_5278827_uploaded_image1_1744477884.jpg,Autres
Chatons Siamois,150000,"location_onNgor, Dakar, Sénégal",https://images.coinafrique.com/thumb_5275205_uploaded_image1_1744282516.jpg,Autres
Vaches Montbéliarde,900,"location_onBambey, Sénégal",https://images.coinafrique.com/thumb_5262041_uploaded_image1_1743610261.jpg,Autres
Perroquets,60000,"location_onPoint E, Dakar, Sénégal",https://images.coinafrique.com/thumb_5237101_uploaded_image1_1742244549.jpg,Autres
Chaton Scottish,500000,"location_onFann, Dakar, Sénégal",https://images.coinafrique.com/thumb_5234859_uploaded_image1_1742137563.jpg,Autres
Boeuf,Prixsurdemande,"location_onNiaga, Sénégal",https://images.coinafrique.com/thumb_5231174_uploaded_image1_1741913580.jpg,Autres
Perroquet,60000,"location_onPoint E, Dakar, Sénégal",https://images.coinafrique.com/thumb_5214349_uploaded_image1_1741104524.jpg,Autres
Chaton Angora,210000,"location_onSacré-Coeur, Dakar, Sénégal",https://images.coinafrique.com/thumb_5213818_uploaded_image1_1741086286.jpg,Autres
Boeuf,550,"location_onNiaga, Sénégal",https://images.coinafrique.com/thumb_5205943_uploaded_image1_1740671058.jpg,Autres
Hamster,15000,"location_onAlmadies 2, Dakar, Sénégal",https://images.coinafrique.com/thumb_5189132_uploaded_image1_1739782582.jpg,Autres
Canards mâles et femelles,Prixsurdemande,"location_onThies, Sénégal",https://images.coinafrique.com/thumb_5185900_uploaded_image1_1739544627.jpg,Autres
Caille,15000,"location_onKeur Massar, Sénégal",https://images.coinafrique.com/thumb_5182728_uploaded_image1_1739380241.jpg,Autres
Boeuf,Prixsurdemande,"location_onNiaga, Sénégal",https://images.coinafrique.com/thumb_5179428_uploaded_image1_1739207935.jpg,Autres
Perroquet perruches ondulées,20000,"location_onPoint E, Dakar, Sénégal",https://images.coinafrique.com/thumb_5138284_uploaded_image1_1737038687.jpg,Autres
Perroquets,15000,"location_onThies, Sénégal",https://images.coinafrique.com/thumb_5125396_uploaded_image1_1736351628.jpg,Autres
Perruches ondulées,20000,"location_onPoint E, Dakar, Sénégal",https://images.coinafrique.com/thumb_5103176_uploaded_image1_1734884464.jpg,Autres
Chaton,Prixsurdemande,"location_onDakar Plateau, Dakar, Sénégal",https://images.coinafrique.com/thumb_5096028_uploaded_image2_1734447537.jpeg,Autres
Chaton Siamois,235000,"location_onDakar Plateau, Dakar, Sénégal",https://images.coinafrique.com/thumb_5092278_uploaded_image1_1734215302.jpg,Autres
Poissons Aquarium,8500,"location_onDakar, Sénégal",https://images.coinafrique.com/thumb_5068623_uploaded_image1_1732965550.jpg,Autres
Tortues terrestres,35000,"location_onOuest Foire, Dakar, Sénégal",https://images.coinafrique.com/thumb_5066823_uploaded_image1_1732865161.jpg,Autres
Bœuf,800000,"location_onMbao, Dakar, Sénégal",https://images.coinafrique.com/thumb_5054269_uploaded_image1_1732160455.jpg,Autres
Bœuf,800000,"location_onMbao, Dakar, Sénégal",https://images.coinafrique.com/thumb_5054268_uploaded_image1_1732160128.jpg,Autres
Chat Persan,400000,"location_onDakar Plateau, Dakar, Sénégal",https://images.coinafrique.com/thumb_5050095_uploaded_image1_1731948012.jpg,Autres
Bœufs,800000,"location_onKeur Massar, Sénégal",https://images.coinafrique.com/thumb_5042261_uploaded_image1_1731516188.jpg,Autres
Mondain,140000,"location_onGuediawaye, Dakar, Sénégal",https://images.coinafrique.com/thumb_5041931_uploaded_image1_1731508632.jpg,Autres
Himalayen,265000,"location_onDakar Plateau, Dakar, Sénégal",https://images.coinafrique.com/thumb_5041105_uploaded_image1_1731466674.jpg,Autres
persan pure race,400000,"location_onDakar Plateau, Dakar, Sénégal",https://images.coinafrique.com/thumb_5041103_uploaded_image1_1731467091.jpg,Autres
British et scottish pure race,650000,"location_onDakar Plateau, Dakar, Sénégal",https://images.coinafrique.com/thumb_5041101_uploaded_image1_1731465886.jpg,Autres
Dindes,25000,"location_onAlmadies 2, Dakar, Sénégal",https://images.coinafrique.com/thumb_5035473_uploaded_image1_1731162862.jpg,Autres
Bœuf,300000,"location_onBiscuiterie, Dakar, Sénégal",https://images.coinafrique.com/thumb_5022926_uploaded_image1_1730540052.jpg,Autres
Chaton de 1 mois,20000,"location_onMariste, Dakar, Sénégal",https://images.coinafrique.com/thumb_5017864_uploaded_image1_1730286261.jpg,Autres
Caille,1500,"location_onGuediawaye, Dakar, Sénégal",https://images.coinafrique.com/thumb_5001807_uploaded_image1_1729346954.jpg,Autres
Couple dinde,Prixsurdemande,"location_onGuediawaye, Dakar, Sénégal",https://images.coinafrique.com/thumb_5001804_uploaded_image1_1729346440.jpg,Autres
Chat Siamois,170000,"location_onPoint E, Dakar, Sénégal",https://images.coinafrique.com/thumb_4997392_uploaded_image2_1729102102.jpeg,Autres
Bœuf,700000,"location_onKeur Massar, Sénégal",https://images.coinafrique.com/thumb_4996496_uploaded_image1_1729075617.jpg,Autres
Boeuf,Prixsurdemande,"location_onThies, Sénégal",https://images.coinafrique.com/thumb_4995019_uploaded_image1_1729000242.jpg,Autres
Tortue,35000,"location_onHann Bel-Air, Dakar, Sénégal",https://images.coinafrique.com/thumb_4976748_uploaded_image1_1728036550.jpg,Autres
Bleus,Prixsurdemande,"location_onSicap Liberté, Dakar, Sénégal",https://images.coinafrique.com/thumb_4974963_uploaded_image1_1727962840.jpg,Autres
Perroquet,399000,"location_onSicap Liberté, Dakar, Sénégal",https://images.coinafrique.com/thumb_4967605_uploaded_image1_1727643698.jpg,Autres
Œufs de caille,4500,"location_onMbour, Sénégal",https://images.coinafrique.com/thumb_4962446_uploaded_image1_1727306903.jpg,Autres
Cailles de chair,2500,"location_onThies, Sénégal",https://images.coinafrique.com/thumb_4957482_uploaded_image1_1727090624.jpg,Autres
Chaton,50000,"location_onDakar, Sénégal",https://images.coinafrique.com/thumb_4956743_uploaded_image1_1727042864.jpg,Autres
Pintade noire,800000,"location_onHann Bel-Air, Dakar, Sénégal",https://images.coinafrique.com/thumb_4942157_uploaded_image1_1726204107.jpg,Autres
Chat,350000,"location_onGrand Dakar, Dakar, Sénégal",https://images.coinafrique.com/thumb_4928423_uploaded_image1_1725508257.jpg,Autres
Chatons,Prixsurdemande,"location_onMariste, Dakar, Sénégal",https://images.coinafrique.com/thumb_4922546_uploaded_image1_1725269043.jpg,Autres
Poussins de canard,2500,"location_onGuediawaye, Dakar, Sénégal",https://images.coinafrique.com/thumb_4917429_uploaded_image1_1724966703.jpg,Autres
Dinde rouge Ardenne,Prixsurdemande,"location_onGuediawaye, Dakar, Sénégal",https://images.coinafrique.com/thumb_4917420_uploaded_image1_1724966404.jpg,Autres
Perroquets,50000,"location_onPoint E, Dakar, Sénégal",https://images.coinafrique.com/thumb_4903200_uploaded_image1_1724163057.jpg,Autres
Poisson Aquarium,8500,"location_onDakar Plateau, Dakar, Sénégal",https://images.coinafrique.com/thumb_4898597_uploaded_image1_1723887709.jpg,Autres
Bœufs,Prixsurdemande,"location_onNiaga, Sénégal",https://images.coinafrique.com/thumb_4895608_uploaded_image1_1723716978.jpg,Autres
Chatons persans chinchillas purs,550000,"location_onSicap Liberté, Dakar, Sénégal",https://images.coinafrique.com/thumb_4888897_uploaded_image1_1723397770.jpg,Autres
Autruche,750000,"location_onAlmadies 2, Dakar, Sénégal",https://images.coinafrique.com/thumb_4885138_uploaded_image1_1723173640.jpg,Autres
Œufs de caille,3000,"location_onThies, Sénégal",https://images.coinafrique.com/thumb_4880858_uploaded_image1_1722971406.jpg,Autres
Œufs de caille,3000,"location_onThies, Sénégal",https://images.coinafrique.com/thumb_4880849_uploaded_image1_1722971092.jpg,Autres
vache,Prixsurdemande,"location_onNiaga, Sénégal",https://images.coinafrique.com/thumb_4878570_uploaded_image1_1722874635.jpg,Autres
Vache,350000,"location_onGassane, Sénégal",https://images.coinafrique.com/thumb_4864739_uploaded_image1_1722168896.jpg,Autres
Chaton hiamalayen,200000,"location_onDakar Plateau, Dakar, Sénégal",https://images.coinafrique.com/thumb_4864117_uploaded_image1_1722115248.jpg,Autres
Siamois,200000,"location_onYoff, Dakar, Sénégal",https://images.coinafrique.com/thumb_4855435_uploaded_image1_1721662817.jpg,Autres
Bœufs race Goudali,Prixsurdemande,"location_onDakar, Sénégal",https://images.coinafrique.com/thumb_4853741_uploaded_image1_1721569594.jpg,Autres
Vache montbéliardes,2000000,"location_onPikine, Sénégal",https://images.coinafrique.com/thumb_4851931_uploaded_image2_1721447498.jpeg,Autres
Perruche ondulée,15000,"location_onDieuppeul-Derklé, Dakar, Sénégal",https://images.coinafrique.com/thumb_4846061_uploaded_image1_1721147785.jpg,Autres
Perruche ondulée,30000,"location_onDieuppeul-Derklé, Dakar, Sénégal",https://images.coinafrique.com/thumb_4846053_uploaded_image1_1721147434.jpg,Autres
Perruches ondulées blanches,20000,"location_onDieuppeul-Derklé, Dakar, Sénégal",https://images.coinafrique.com/thumb_4846024_uploaded_image1_1721146605.jpg,Autres
Persan pure race,500000,"location_onDakar Plateau, Dakar, Sénégal",https://images.coinafrique.com/thumb_4818301_uploaded_image1_1719774491.jpg,Autres
Chatons Persan pure race,430000,"location_onDakar Plateau, Dakar, Sénégal",https://images.coinafrique.com/thumb_4808981_uploaded_image1_1719268557.jpg,Autres
Scottish fold et scottish straight de race pure,700000,"location_onDakar Plateau, Dakar, Sénégal",https://images.coinafrique.com/thumb_4808971_uploaded_image1_1719267956.jpg,Autres
Foin,4600,"location_onKeur Massar, Sénégal",https://images.coinafrique.com/thumb_4807500_uploaded_image1_1719210823.jpg,Autres
Paon,140000,"location_onYoff, Dakar, Sénégal",https://images.coinafrique.com/thumb_4804686_uploaded_image1_1718999173.jpg,Autres
Chat scotish,750000,"location_onDakar Plateau, Dakar, Sénégal",https://images.coinafrique.com/thumb_4803206_uploaded_image1_1718912151.jpg,Autres
Poussin dinde rouge,15000,"location_onDakar, Sénégal",https://images.coinafrique.com/thumb_4794677_uploaded_image1_1718313441.jpg,Autres
Cochin Fauve,17500,"location_onDakar, Sénégal",https://images.coinafrique.com/thumb_4794473_uploaded_image1_1718301841.jpg,Autres
Poussin Cochin disponible,17500,"location_onDakar, Sénégal",https://images.coinafrique.com/thumb_4794466_uploaded_image1_1718301585.jpg,Autres
Chat persan,400000,"location_onDakar Plateau, Dakar, Sénégal",https://images.coinafrique.com/thumb_4785131_uploaded_image1_1717786702.jpg,Autres
Vache laitière Montbéliarde,Prixsurdemande,"location_onGuediawaye, Dakar, Sénégal",https://images.coinafrique.com/thumb_4765247_uploaded_image1_1716841792.jpg,Autres
Chaton Scottish,450000,"location_onDakar Plateau, Dakar, Sénégal",https://images.coinafrique.com/thumb_4755374_uploaded_image1_1716328455.jpg,Autres
Vaches Montbéliarde,Prixsurdemande,"location_onPikine, Sénégal",https://images.coinafrique.com/thumb_4753936_uploaded_image1_1716257870.jpg,Autres
Vache Montbéliard et Holstein,Prixsurdemande,"location_onRufisque, Sénégal",https://images.coinafrique.com/thumb_4753935_uploaded_image1_1716257776.jpg,Autres
Vache  Montbéliard Holstein,Prixsurdemande,"location_onPikine, Sénégal",https://images.coinafrique.com/thumb_4753933_uploaded_image1_1716257630.jpg,Autres
Boeuf,800000,"location_onKaolack, Sénégal",https://images.coinafrique.com/thumb_4752043_uploaded_image1_1716145974.jpg,Autres
3 chatons,Prixsurdemande,"location_onMariste, Dakar, Sénégal",https://images.coinafrique.com/thumb_4751663_uploaded_image1_1716126912.jpg,Autres
Paon bleu,250000,"location_onRufisque, Sénégal",https://images.coinafrique.com/thumb_4686441_uploaded_image1_1712838619.jpg,Autres
Perroquet inséparable,60000,"location_onPoint E, Dakar, Sénégal",https://images.coinafrique.com/thumb_4724298_uploaded_image1_1714756962.jpg,Autres
Chat Siamois,300000,"location_onAlmadies, Dakar, Sénégal",https://images.coinafrique.com/thumb_4723220_uploaded_image1_1714727016.jpg,Autres
Hamster,5000,"location_onAlmadies, Dakar, Sénégal",https://images.coinafrique.com/thumb_4723216_uploaded_image1_1714726904.jpg,Autres
Cailles,Prixsurdemande,"location_onTouba, Sénégal",https://images.coinafrique.com/thumb_4701407_uploaded_image1_1713575328.jpg,Autres
Perruche,20000,"location_onMamelles, Dakar, Sénégal",https://images.coinafrique.com/thumb_4701230_uploaded_image1_1713565518.jpg,Autres
Chaton,Prixsurdemande,"location_onNgor, Dakar, Sénégal",https://images.coinafrique.com/thumb_4689687_uploaded_image1_1713000926.jpg,Autres
Bœufs,Prixsurdemande,"location_onParcelle Assainies, Dakar, Sénégal",https://images.coinafrique.com/thumb_4679890_uploaded_image1_1712437211.jpg,Autres
Paire de perruches ondulées,40000,"location_onMamelles, Dakar, Sénégal",https://images.coinafrique.com/thumb_4679396_uploaded_image1_1712411459.jpg,Autres
Vache brune,Prixsurdemande,"location_onMbour, Sénégal",https://images.coinafrique.com/thumb_4664799_uploaded_image1_1711657831.jpg,Autres
Chatons,Prixsurdemande,"location_onMariste, Dakar, Sénégal",https://images.coinafrique.com/thumb_4651939_uploaded_image1_1710967508.jpg,Autres
Couple perroquet  Roseicollis,60000,"location_onPoint E, Dakar, Sénégal",https://images.coinafrique.com/thumb_4651651_uploaded_image1_1710951067.jpg,Autres
Canard Colvert,25000,"location_onMariste, Dakar, Sénégal",https://images.coinafrique.com/thumb_4650420_uploaded_image1_1710887873.jpg,Autres
Chatons,Prixsurdemande,"location_onPoint E, Dakar, Sénégal",https://images.coinafrique.com/thumb_4646165_uploaded_image1_1710686670.jpg,Autres
Chaton Himalayen,270000,"location_onDakar Plateau, Dakar, Sénégal",https://images.coinafrique.com/thumb_4642742_uploaded_image1_1710476161.jpg,Autres
Cage avec 3  oiseaux,60000,"location_onDakar, Sénégal",https://images.coinafrique.com/thumb_4640165_uploaded_image1_1710330525.jpg,Autres
Chaton Hymalayen Persan,270000,"location_onDakar Plateau, Dakar, Sénégal",https://images.coinafrique.com/thumb_4639205_uploaded_image1_1710275204.jpg,Autres
Chat Brittish Shorthair,700000,"location_onDakar Plateau, Dakar, Sénégal",https://images.coinafrique.com/thumb_4629619_uploaded_image1_1709768692.jpg,Autres
